requestId,aid
"f2272ecc-c88c-45e4-a562-83c54eec66ba","AIDAU7V71001"
"f2272ecc-c88c-45e4-a562-83c54eec66ba","AID0AL1D1001"
"f2272ecc-c88c-45e4-a562-83c54eec66ba","AIDDELG92001"
"f2272ecc-c88c-45e4-a562-83c54eec66ba","AIDFSY2O4001"
"f2272ecc-c88c-45e4-a562-83c54eec66ba","AIDUA47U3001"
"f2272ecc-c88c-45e4-a562-83c54eec66ba","AIDW2W091001"
"f2272ecc-c88c-45e4-a562-83c54eec66ba","AIDXDL091001"
"f2272ecc-c88c-45e4-a562-83c54eec66ba","AIDPN7F34001"
"f2272ecc-c88c-45e4-a562-83c54eec66ba","AIDUMAI04001"
"f2272ecc-c88c-45e4-a562-83c54eec66ba","AID78MJ91001"
"f2272ecc-c88c-45e4-a562-83c54eec66ba","AIDTXGQA1001"
"f2272ecc-c88c-45e4-a562-83c54eec66ba","AID2OGG34001"
"f2272ecc-c88c-45e4-a562-83c54eec66ba","AIDVTGG34001"
"f2272ecc-c88c-45e4-a562-83c54eec66ba","AID3P0ZG5001"
"f2272ecc-c88c-45e4-a562-83c54eec66ba","AIDDPZM34001"
"f2272ecc-c88c-45e4-a562-83c54eec66ba","AIDKYZYG5001"
"f2272ecc-c88c-45e4-a562-83c54eec66ba","AIDPVY022001"
"f2272ecc-c88c-45e4-a562-83c54eec66ba","AIDZUVM44001"
"f2272ecc-c88c-45e4-a562-83c54eec66ba","AIDD3AS61001"
"f2272ecc-c88c-45e4-a562-83c54eec66ba","AIDJ38J02001"
"f2272ecc-c88c-45e4-a562-83c54eec66ba","AIDHVCF34001"
"f2272ecc-c88c-45e4-a562-83c54eec66ba","AIDHYC9L5001"
"f2272ecc-c88c-45e4-a562-83c54eec66ba","AIDVQYJJ1001"
"f2272ecc-c88c-45e4-a562-83c54eec66ba","AIDRT1O61001"
"f2272ecc-c88c-45e4-a562-83c54eec66ba","AIDRI8N72001"
"f2272ecc-c88c-45e4-a562-83c54eec66ba","AIDN8KI12001"
"f2272ecc-c88c-45e4-a562-83c54eec66ba","AIDNMZUI1001"
"f2272ecc-c88c-45e4-a562-83c54eec66ba","AIDPYGG34001"
"f2272ecc-c88c-45e4-a562-83c54eec66ba","AIDBP5N72001"
"f2272ecc-c88c-45e4-a562-83c54eec66ba","AIDQ03J34001"
"f2272ecc-c88c-45e4-a562-83c54eec66ba","AIDAG78H6001"
"f2272ecc-c88c-45e4-a562-83c54eec66ba","AIDJ9CK45001"
"f2272ecc-c88c-45e4-a562-83c54eec66ba","AIDM33O61001"
"f2272ecc-c88c-45e4-a562-83c54eec66ba","AIDVYT391001"
"f2272ecc-c88c-45e4-a562-83c54eec66ba","AID0WP434001"
"f2272ecc-c88c-45e4-a562-83c54eec66ba","AID10ADI4001"
"f2272ecc-c88c-45e4-a562-83c54eec66ba","AIDWVP434001"
"f2272ecc-c88c-45e4-a562-83c54eec66ba","AIDMOZUI1001"
"f2272ecc-c88c-45e4-a562-83c54eec66ba","AIDJFPP34001"
"f2272ecc-c88c-45e4-a562-83c54eec66ba","AID4P0ZG5001"
"f2272ecc-c88c-45e4-a562-83c54eec66ba","AIDEO7F34001"
"f2272ecc-c88c-45e4-a562-83c54eec66ba","AIDYLVF91001"
"f2272ecc-c88c-45e4-a562-83c54eec66ba","AIDES9JJ1001"
"f2272ecc-c88c-45e4-a562-83c54eec66ba","AIDL4GF34001"
"f2272ecc-c88c-45e4-a562-83c54eec66ba","AID24TM72001"
"f2272ecc-c88c-45e4-a562-83c54eec66ba","AIDX6PF34001"
"f2272ecc-c88c-45e4-a562-83c54eec66ba","AIDYIX434001"
"f2272ecc-c88c-45e4-a562-83c54eec66ba","AIDPEA532001"
"f2272ecc-c88c-45e4-a562-83c54eec66ba","AIDHQGG34001"
"f2272ecc-c88c-45e4-a562-83c54eec66ba","AIDRI3K91001"
"f2272ecc-c88c-45e4-a562-83c54eec66ba","AIDIUCK45001"
"f2272ecc-c88c-45e4-a562-83c54eec66ba","AIDUXPOI5001"
"f2272ecc-c88c-45e4-a562-83c54eec66ba","AIDXE5K71001"
"f2272ecc-c88c-45e4-a562-83c54eec66ba","AIDZLE282001"
"f2272ecc-c88c-45e4-a562-83c54eec66ba","AIDDHTO34001"
"f2272ecc-c88c-45e4-a562-83c54eec66ba","AIDQYP534001"
"f2272ecc-c88c-45e4-a562-83c54eec66ba","AIDBHFIZ3001"
"f2272ecc-c88c-45e4-a562-83c54eec66ba","AIDQTFL34001"
"f2272ecc-c88c-45e4-a562-83c54eec66ba","AID0PFL34001"
"f2272ecc-c88c-45e4-a562-83c54eec66ba","AIDBG0ZG5001"
"f2272ecc-c88c-45e4-a562-83c54eec66ba","AID52NI34001"
"f2272ecc-c88c-45e4-a562-83c54eec66ba","AIDZP8O04001"
"f2272ecc-c88c-45e4-a562-83c54eec66ba","AID01FW61001"
"f2272ecc-c88c-45e4-a562-83c54eec66ba","AIDOLJI34001"
"f2272ecc-c88c-45e4-a562-83c54eec66ba","AIDCTSO34001"
"f2272ecc-c88c-45e4-a562-83c54eec66ba","AID141S42001"
"f2272ecc-c88c-45e4-a562-83c54eec66ba","AIDRATM72001"
"f2272ecc-c88c-45e4-a562-83c54eec66ba","AIDIKFL34001"
"f2272ecc-c88c-45e4-a562-83c54eec66ba","AID2SRS81001"
"f2272ecc-c88c-45e4-a562-83c54eec66ba","AID2988H6001"
"f2272ecc-c88c-45e4-a562-83c54eec66ba","AIDR0TM72001"
"f2272ecc-c88c-45e4-a562-83c54eec66ba","AIDFNNL81001"
"f2272ecc-c88c-45e4-a562-83c54eec66ba","AIDR8SG12001"
"f2272ecc-c88c-45e4-a562-83c54eec66ba","AID20HM04001"
"f2272ecc-c88c-45e4-a562-83c54eec66ba","AIDN6UN34001"
"f2272ecc-c88c-45e4-a562-83c54eec66ba","AIDTL2BD4001"
"f2272ecc-c88c-45e4-a562-83c54eec66ba","AIDSTB322001"
"f2272ecc-c88c-45e4-a562-83c54eec66ba","AID45IH34001"
"f2272ecc-c88c-45e4-a562-83c54eec66ba","AIDIKJI34001"
"f2272ecc-c88c-45e4-a562-83c54eec66ba","AIDIA0ZG5001"
"f2272ecc-c88c-45e4-a562-83c54eec66ba","AIDJHTO34001"
"f2272ecc-c88c-45e4-a562-83c54eec66ba","AIDSFTZZ3001"
"f2272ecc-c88c-45e4-a562-83c54eec66ba","AIDQYNEZ3001"
"f2272ecc-c88c-45e4-a562-83c54eec66ba","AIDSYP534001"
"f2272ecc-c88c-45e4-a562-83c54eec66ba","AIDMSY2O4001"
"f2272ecc-c88c-45e4-a562-83c54eec66ba","AIDSTGG34001"
"f2272ecc-c88c-45e4-a562-83c54eec66ba","AIDS8GF34001"
"f2272ecc-c88c-45e4-a562-83c54eec66ba","AIDXJ0191001"
"f2272ecc-c88c-45e4-a562-83c54eec66ba","AIDE5PEZ3001"
"f2272ecc-c88c-45e4-a562-83c54eec66ba","AID4BTP81001"
"f2272ecc-c88c-45e4-a562-83c54eec66ba","AID7ZGG34001"
"f2272ecc-c88c-45e4-a562-83c54eec66ba","AID7PZUI1001"
"f2272ecc-c88c-45e4-a562-83c54eec66ba","AIDZZOYM4001"
"f2272ecc-c88c-45e4-a562-83c54eec66ba","AIDSVP434001"
"f2272ecc-c88c-45e4-a562-83c54eec66ba","AIDEMJI34001"
"f2272ecc-c88c-45e4-a562-83c54eec66ba","AID0A8EI5001"
"f2272ecc-c88c-45e4-a562-83c54eec66ba","AID0YM234001"
"f2272ecc-c88c-45e4-a562-83c54eec66ba","AIDW8AAG1001"
"f2272ecc-c88c-45e4-a562-83c54eec66ba","AID1ZN0N4001"
"f2272ecc-c88c-45e4-a562-83c54eec66ba","AIDXZRQI1001"
"f2272ecc-c88c-45e4-a562-83c54eec66ba","AIDWUCF34001"
"f2272ecc-c88c-45e4-a562-83c54eec66ba","AIDIPCK45001"
"f2272ecc-c88c-45e4-a562-83c54eec66ba","AIDETY2O4001"
"f2272ecc-c88c-45e4-a562-83c54eec66ba","AID7N0Y82001"
"f2272ecc-c88c-45e4-a562-83c54eec66ba","AIDCY5O04001"
"f2272ecc-c88c-45e4-a562-83c54eec66ba","AIDSAUZM4001"
"f2272ecc-c88c-45e4-a562-83c54eec66ba","AIDUVP434001"
"f2272ecc-c88c-45e4-a562-83c54eec66ba","AIDBLFL34001"
"f2272ecc-c88c-45e4-a562-83c54eec66ba","AIDGPGG34001"
"f2272ecc-c88c-45e4-a562-83c54eec66ba","AIDDQEV04001"
"f2272ecc-c88c-45e4-a562-83c54eec66ba","AIDT0IH34001"
"f2272ecc-c88c-45e4-a562-83c54eec66ba","AIDVSY2O4001"
"f2272ecc-c88c-45e4-a562-83c54eec66ba","AID8SQOI5001"
"f2272ecc-c88c-45e4-a562-83c54eec66ba","AIDVU89L5001"
"f2272ecc-c88c-45e4-a562-83c54eec66ba","AIDFKJI34001"
"f2272ecc-c88c-45e4-a562-83c54eec66ba","AID5OMW71001"
"f2272ecc-c88c-45e4-a562-83c54eec66ba","AID46XY34001"
"f2272ecc-c88c-45e4-a562-83c54eec66ba","AID2HEIZ3001"
"f2272ecc-c88c-45e4-a562-83c54eec66ba","AIDISY2O4001"
"f2272ecc-c88c-45e4-a562-83c54eec66ba","AIDF2CK45001"
"f2272ecc-c88c-45e4-a562-83c54eec66ba","AIDBOFL34001"
"f2272ecc-c88c-45e4-a562-83c54eec66ba","AIDOVP434001"
"f2272ecc-c88c-45e4-a562-83c54eec66ba","AIDPEV881001"
"f2272ecc-c88c-45e4-a562-83c54eec66ba","AIDTD6K34001"
"f2272ecc-c88c-45e4-a562-83c54eec66ba","AIDLWVT04001"
"f2272ecc-c88c-45e4-a562-83c54eec66ba","AIDVSGG34001"
"f2272ecc-c88c-45e4-a562-83c54eec66ba","AIDAPZM34001"
"f2272ecc-c88c-45e4-a562-83c54eec66ba","AID623J34001"
"f2272ecc-c88c-45e4-a562-83c54eec66ba","AIDNAGF34001"
"f2272ecc-c88c-45e4-a562-83c54eec66ba","AIDMA6K34001"
"f2272ecc-c88c-45e4-a562-83c54eec66ba","AIDYVP434001"
"f2272ecc-c88c-45e4-a562-83c54eec66ba","AIDOD0ZG5001"
"f2272ecc-c88c-45e4-a562-83c54eec66ba","AIDBM2BD4001"
"f2272ecc-c88c-45e4-a562-83c54eec66ba","AIDXH3V34001"
"f2272ecc-c88c-45e4-a562-83c54eec66ba","AIDKNZUI1001"
"f2272ecc-c88c-45e4-a562-83c54eec66ba","AID9SY2O4001"
"f2272ecc-c88c-45e4-a562-83c54eec66ba","AIDDD6K34001"
"f2272ecc-c88c-45e4-a562-83c54eec66ba","AID1PZUI1001"
"f2272ecc-c88c-45e4-a562-83c54eec66ba","AID6I3V34001"
"f2272ecc-c88c-45e4-a562-83c54eec66ba","AIDQGM714001"
"f2272ecc-c88c-45e4-a562-83c54eec66ba","AIDAL2491001"
"f2272ecc-c88c-45e4-a562-83c54eec66ba","AID0QZUI1001"
"f2272ecc-c88c-45e4-a562-83c54eec66ba","AID32QOI5001"
"f2272ecc-c88c-45e4-a562-83c54eec66ba","AIDC8XQ34001"
"f2272ecc-c88c-45e4-a562-83c54eec66ba","AIDB5XY34001"
"f2272ecc-c88c-45e4-a562-83c54eec66ba","AID0GFL34001"
"f2272ecc-c88c-45e4-a562-83c54eec66ba","AIDYIB6Z3001"
"f2272ecc-c88c-45e4-a562-83c54eec66ba","AIDHBTO04001"
"f2272ecc-c88c-45e4-a562-83c54eec66ba","AIDO6CK45001"
"f2272ecc-c88c-45e4-a562-83c54eec66ba","AIDTSPOI5001"
"f2272ecc-c88c-45e4-a562-83c54eec66ba","AIDLUPOI5001"
"f2272ecc-c88c-45e4-a562-83c54eec66ba","AID03FF34001"
"f2272ecc-c88c-45e4-a562-83c54eec66ba","AIDEXBK45001"
"f2272ecc-c88c-45e4-a562-83c54eec66ba","AIDJ76854001"
"f2272ecc-c88c-45e4-a562-83c54eec66ba","AIDC23J34001"
"f2272ecc-c88c-45e4-a562-83c54eec66ba","AIDIRNN71001"
"f2272ecc-c88c-45e4-a562-83c54eec66ba","AIDH7SG12001"
"f2272ecc-c88c-45e4-a562-83c54eec66ba","AID3WP434001"
"f2272ecc-c88c-45e4-a562-83c54eec66ba","AIDMKJI34001"
"f2272ecc-c88c-45e4-a562-83c54eec66ba","AIDAVGG34001"
"f2272ecc-c88c-45e4-a562-83c54eec66ba","AID5LJI34001"
"f2272ecc-c88c-45e4-a562-83c54eec66ba","AID8OJI34001"
"f2272ecc-c88c-45e4-a562-83c54eec66ba","AIDQYSQJ1001"
"f2272ecc-c88c-45e4-a562-83c54eec66ba","AIDMRFJ02001"
"f2272ecc-c88c-45e4-a562-83c54eec66ba","AIDABUN34001"
"f2272ecc-c88c-45e4-a562-83c54eec66ba","AIDXAQOI5001"
"f2272ecc-c88c-45e4-a562-83c54eec66ba","AIDMKZM34001"
"f2272ecc-c88c-45e4-a562-83c54eec66ba","AIDJDFF81001"
"f2272ecc-c88c-45e4-a562-83c54eec66ba","AID68IH34001"
"f2272ecc-c88c-45e4-a562-83c54eec66ba","AIDHRGG34001"
"f2272ecc-c88c-45e4-a562-83c54eec66ba","AID7KJI34001"
"f2272ecc-c88c-45e4-a562-83c54eec66ba","AID0RQOI5001"
"f2272ecc-c88c-45e4-a562-83c54eec66ba","AID3JJI34001"
"f2272ecc-c88c-45e4-a562-83c54eec66ba","AIDFBTO04001"
"f2272ecc-c88c-45e4-a562-83c54eec66ba","AIDHXBDD1001"
"f2272ecc-c88c-45e4-a562-83c54eec66ba","AIDQWBK45001"
"f2272ecc-c88c-45e4-a562-83c54eec66ba","AID6KMHZ3001"
"f2272ecc-c88c-45e4-a562-83c54eec66ba","AIDHNFL34001"
"f2272ecc-c88c-45e4-a562-83c54eec66ba","AIDZSFE91001"
"f2272ecc-c88c-45e4-a562-83c54eec66ba","AIDUN0191001"
"f2272ecc-c88c-45e4-a562-83c54eec66ba","AID1TDIZ3001"
"f2272ecc-c88c-45e4-a562-83c54eec66ba","AID4EP544001"
"f2272ecc-c88c-45e4-a562-83c54eec66ba","AID64XMZ3001"
"f2272ecc-c88c-45e4-a562-83c54eec66ba","AIDZWWO34001"
"f2272ecc-c88c-45e4-a562-83c54eec66ba","AIDTAPP34001"
"f2272ecc-c88c-45e4-a562-83c54eec66ba","AIDS8QOI5001"
"f2272ecc-c88c-45e4-a562-83c54eec66ba","AIDDWP434001"
"f2272ecc-c88c-45e4-a562-83c54eec66ba","AIDG33J34001"
"f2272ecc-c88c-45e4-a562-83c54eec66ba","AIDIDBX34001"
"f2272ecc-c88c-45e4-a562-83c54eec66ba","AID7WP434001"
"f2272ecc-c88c-45e4-a562-83c54eec66ba","AIDMVP434001"
"f2272ecc-c88c-45e4-a562-83c54eec66ba","AID4CTG44001"
"f2272ecc-c88c-45e4-a562-83c54eec66ba","AID62E1Z3001"
"f2272ecc-c88c-45e4-a562-83c54eec66ba","AIDM8SG12001"
"f2272ecc-c88c-45e4-a562-83c54eec66ba","AIDGXBK45001"
"f2272ecc-c88c-45e4-a562-83c54eec66ba","AID63IH34001"
"f2272ecc-c88c-45e4-a562-83c54eec66ba","AIDV9UGJ1001"
"f2272ecc-c88c-45e4-a562-83c54eec66ba","AID4VWO34001"
"f2272ecc-c88c-45e4-a562-83c54eec66ba","AIDOC6K34001"
"f2272ecc-c88c-45e4-a562-83c54eec66ba","AIDAQX404001"
"f2272ecc-c88c-45e4-a562-83c54eec66ba","AIDEDPT34001"
"f2272ecc-c88c-45e4-a562-83c54eec66ba","AIDT1PYM4001"
"f2272ecc-c88c-45e4-a562-83c54eec66ba","AID08QOI5001"
"f2272ecc-c88c-45e4-a562-83c54eec66ba","AIDANTO34001"
"f2272ecc-c88c-45e4-a562-83c54eec66ba","AID3BT891001"
"f2272ecc-c88c-45e4-a562-83c54eec66ba","AIDZA6K34001"
"f2272ecc-c88c-45e4-a562-83c54eec66ba","AIDVBPP34001"
"f2272ecc-c88c-45e4-a562-83c54eec66ba","AIDRVWO34001"
"f2272ecc-c88c-45e4-a562-83c54eec66ba","AIDBSGYM4001"
"f2272ecc-c88c-45e4-a562-83c54eec66ba","AIDDSQOI5001"
"f2272ecc-c88c-45e4-a562-83c54eec66ba","AIDMZMI34001"
"f2272ecc-c88c-45e4-a562-83c54eec66ba","AIDFZA6Z3001"
"f2272ecc-c88c-45e4-a562-83c54eec66ba","AIDMQZM34001"
"f2272ecc-c88c-45e4-a562-83c54eec66ba","AIDXFE6Z3001"
"f2272ecc-c88c-45e4-a562-83c54eec66ba","AIDTTCK45001"
"f2272ecc-c88c-45e4-a562-83c54eec66ba","AID7XBDD1001"
"f2272ecc-c88c-45e4-a562-83c54eec66ba","AIDT4IH34001"
"f2272ecc-c88c-45e4-a562-83c54eec66ba","AID523J34001"
"f2272ecc-c88c-45e4-a562-83c54eec66ba","AID0NFL34001"
"f2272ecc-c88c-45e4-a562-83c54eec66ba","AID7M2BD4001"
"f2272ecc-c88c-45e4-a562-83c54eec66ba","AIDX13J34001"
"f2272ecc-c88c-45e4-a562-83c54eec66ba","AIDYEQOI5001"
"f2272ecc-c88c-45e4-a562-83c54eec66ba","AIDL98GB2001"
"f2272ecc-c88c-45e4-a562-83c54eec66ba","AIDQGPL34001"
"f2272ecc-c88c-45e4-a562-83c54eec66ba","AIDPQPOI5001"
"f2272ecc-c88c-45e4-a562-83c54eec66ba","AIDIBWUF1001"
"f2272ecc-c88c-45e4-a562-83c54eec66ba","AIDMVPOI5001"
"f2272ecc-c88c-45e4-a562-83c54eec66ba","AIDB2QOI5001"
"f2272ecc-c88c-45e4-a562-83c54eec66ba","AID9JC7Z3001"
"f2272ecc-c88c-45e4-a562-83c54eec66ba","AIDLN3A04001"
"f2272ecc-c88c-45e4-a562-83c54eec66ba","AIDTRGYM4001"
"f2272ecc-c88c-45e4-a562-83c54eec66ba","AIDCAUM72001"
"f2272ecc-c88c-45e4-a562-83c54eec66ba","AIDRA6K34001"
"f2272ecc-c88c-45e4-a562-83c54eec66ba","AID3IJI34001"
"f2272ecc-c88c-45e4-a562-83c54eec66ba","AIDD3XO34001"
"f2272ecc-c88c-45e4-a562-83c54eec66ba","AIDL8XQ34001"
"f2272ecc-c88c-45e4-a562-83c54eec66ba","AID2T2Y82001"
"f2272ecc-c88c-45e4-a562-83c54eec66ba","AID4Q4M22001"
"f2272ecc-c88c-45e4-a562-83c54eec66ba","AIDZ9QOI5001"
"f2272ecc-c88c-45e4-a562-83c54eec66ba","AID4UCK45001"
"f2272ecc-c88c-45e4-a562-83c54eec66ba","AID087TC1001"
"f2272ecc-c88c-45e4-a562-83c54eec66ba","AIDCMJI34001"
"f2272ecc-c88c-45e4-a562-83c54eec66ba","AIDG6XY34001"
"f2272ecc-c88c-45e4-a562-83c54eec66ba","AIDIMVN04001"
"f2272ecc-c88c-45e4-a562-83c54eec66ba","AIDBOZUI1001"
"f2272ecc-c88c-45e4-a562-83c54eec66ba","AID7Q3WD1001"
"f2272ecc-c88c-45e4-a562-83c54eec66ba","AIDNMFL34001"
"f2272ecc-c88c-45e4-a562-83c54eec66ba","AIDO6UN34001"
"f2272ecc-c88c-45e4-a562-83c54eec66ba","AIDQARPU5001"
"f2272ecc-c88c-45e4-a562-83c54eec66ba","AIDSWQOI5001"
"f2272ecc-c88c-45e4-a562-83c54eec66ba","AIDQJQOI5001"
"f2272ecc-c88c-45e4-a562-83c54eec66ba","AIDF4XY34001"
"f2272ecc-c88c-45e4-a562-83c54eec66ba","AIDHM7N72001"
"f2272ecc-c88c-45e4-a562-83c54eec66ba","AID9SGG34001"
"f2272ecc-c88c-45e4-a562-83c54eec66ba","AIDGKQOI5001"
"f2272ecc-c88c-45e4-a562-83c54eec66ba","AIDEWP434001"
"f2272ecc-c88c-45e4-a562-83c54eec66ba","AIDJ0QOI5001"
"f2272ecc-c88c-45e4-a562-83c54eec66ba","AIDSVPOI5001"
"f2272ecc-c88c-45e4-a562-83c54eec66ba","AIDS0PYM4001"
"f2272ecc-c88c-45e4-a562-83c54eec66ba","AIDL23J34001"
"f2272ecc-c88c-45e4-a562-83c54eec66ba","AID8DCK45001"
"f2272ecc-c88c-45e4-a562-83c54eec66ba","AIDQXJ972001"
"f2272ecc-c88c-45e4-a562-83c54eec66ba","AIDRIJI34001"
"f2272ecc-c88c-45e4-a562-83c54eec66ba","AID9C4X61001"
"f2272ecc-c88c-45e4-a562-83c54eec66ba","AIDVEM344001"
"f2272ecc-c88c-45e4-a562-83c54eec66ba","AIDFMVN04001"
"f2272ecc-c88c-45e4-a562-83c54eec66ba","AIDIOZM34001"
"f2272ecc-c88c-45e4-a562-83c54eec66ba","AIDY03044001"
"f2272ecc-c88c-45e4-a562-83c54eec66ba","AIDD4FIZ3001"
"f2272ecc-c88c-45e4-a562-83c54eec66ba","AIDPC6K34001"
"f2272ecc-c88c-45e4-a562-83c54eec66ba","AID2UQOI5001"
"f2272ecc-c88c-45e4-a562-83c54eec66ba","AIDS2QOI5001"
"f2272ecc-c88c-45e4-a562-83c54eec66ba","AIDCUM444001"
"f2272ecc-c88c-45e4-a562-83c54eec66ba","AIDTXCNU3001"
"f2272ecc-c88c-45e4-a562-83c54eec66ba","AIDUKDJ02001"
"f2272ecc-c88c-45e4-a562-83c54eec66ba","AIDKRFL34001"
"f2272ecc-c88c-45e4-a562-83c54eec66ba","AID5EBX34001"
"f2272ecc-c88c-45e4-a562-83c54eec66ba","AID6TM444001"
"f2272ecc-c88c-45e4-a562-83c54eec66ba","AIDEHROI5001"
"f2272ecc-c88c-45e4-a562-83c54eec66ba","AIDLVQOI5001"
"f2272ecc-c88c-45e4-a562-83c54eec66ba","AIDLTY2O4001"
"f2272ecc-c88c-45e4-a562-83c54eec66ba","AID1F6K34001"
"f2272ecc-c88c-45e4-a562-83c54eec66ba","AIDL0ROI5001"
"f2272ecc-c88c-45e4-a562-83c54eec66ba","AIDAOFL34001"
"f2272ecc-c88c-45e4-a562-83c54eec66ba","AIDDXBDD1001"
"f2272ecc-c88c-45e4-a562-83c54eec66ba","AID56ROI5001"
"f2272ecc-c88c-45e4-a562-83c54eec66ba","AIDJSKN64001"
"f2272ecc-c88c-45e4-a562-83c54eec66ba","AID990ZG5001"
"f2272ecc-c88c-45e4-a562-83c54eec66ba","AIDNJFL34001"
"f2272ecc-c88c-45e4-a562-83c54eec66ba","AIDOPZM34001"
"f2272ecc-c88c-45e4-a562-83c54eec66ba","AIDPMFUW4001"
"f2272ecc-c88c-45e4-a562-83c54eec66ba","AIDHSPOI5001"
"f2272ecc-c88c-45e4-a562-83c54eec66ba","AIDRUQOI5001"
"f2272ecc-c88c-45e4-a562-83c54eec66ba","AIDENQOI5001"
"f2272ecc-c88c-45e4-a562-83c54eec66ba","AID1COIZ3001"
"f2272ecc-c88c-45e4-a562-83c54eec66ba","AIDY13J34001"
"f2272ecc-c88c-45e4-a562-83c54eec66ba","AID96UN34001"
"f2272ecc-c88c-45e4-a562-83c54eec66ba","AIDDI2BD4001"
"f2272ecc-c88c-45e4-a562-83c54eec66ba","AID66YHD1001"
"f2272ecc-c88c-45e4-a562-83c54eec66ba","AID37OGH1001"
"f2272ecc-c88c-45e4-a562-83c54eec66ba","AIDHKFL34001"
"f2272ecc-c88c-45e4-a562-83c54eec66ba","AIDBB6K34001"
"f2272ecc-c88c-45e4-a562-83c54eec66ba","AIDZRGG34001"
"f2272ecc-c88c-45e4-a562-83c54eec66ba","AIDA64444001"
"f2272ecc-c88c-45e4-a562-83c54eec66ba","AIDKNFL34001"
"f2272ecc-c88c-45e4-a562-83c54eec66ba","AID7GCK45001"
"f2272ecc-c88c-45e4-a562-83c54eec66ba","AIDZ6UN34001"
"f2272ecc-c88c-45e4-a562-83c54eec66ba","AIDPTY2O4001"
"f2272ecc-c88c-45e4-a562-83c54eec66ba","AIDJOFL34001"
"f2272ecc-c88c-45e4-a562-83c54eec66ba","AIDQUQOI5001"
"f2272ecc-c88c-45e4-a562-83c54eec66ba","AIDY9UZM4001"
"f2272ecc-c88c-45e4-a562-83c54eec66ba","AIDM9JQU5001"
"f2272ecc-c88c-45e4-a562-83c54eec66ba","AIDOWBK45001"
"f2272ecc-c88c-45e4-a562-83c54eec66ba","AIDYUZM34001"
"f2272ecc-c88c-45e4-a562-83c54eec66ba","AIDV3ROI5001"
"f2272ecc-c88c-45e4-a562-83c54eec66ba","AIDCH3V34001"
"f2272ecc-c88c-45e4-a562-83c54eec66ba","AIDVSQOI5001"
"f2272ecc-c88c-45e4-a562-83c54eec66ba","AIDDHROI5001"
"f2272ecc-c88c-45e4-a562-83c54eec66ba","AID5TCK45001"
"f2272ecc-c88c-45e4-a562-83c54eec66ba","AIDZJUV34001"
"f2272ecc-c88c-45e4-a562-83c54eec66ba","AIDBSQOI5001"
"f2272ecc-c88c-45e4-a562-83c54eec66ba","AIDE2CK45001"
"f2272ecc-c88c-45e4-a562-83c54eec66ba","AIDKGSOI5001"
"f2272ecc-c88c-45e4-a562-83c54eec66ba","AID9QZM34001"
"f2272ecc-c88c-45e4-a562-83c54eec66ba","AID0BCK45001"
"f2272ecc-c88c-45e4-a562-83c54eec66ba","AIDJ8ROI5001"
"f2272ecc-c88c-45e4-a562-83c54eec66ba","AIDLVCT81001"
"f2272ecc-c88c-45e4-a562-83c54eec66ba","AIDAXQOI5001"
"f2272ecc-c88c-45e4-a562-83c54eec66ba","AID8C6K34001"
"f2272ecc-c88c-45e4-a562-83c54eec66ba","AID154444001"
"f2272ecc-c88c-45e4-a562-83c54eec66ba","AIDADROI5001"
"f2272ecc-c88c-45e4-a562-83c54eec66ba","AID6ZBK45001"
"f2272ecc-c88c-45e4-a562-83c54eec66ba","AIDDH6K34001"
"f2272ecc-c88c-45e4-a562-83c54eec66ba","AIDF5U3Z3001"
"f2272ecc-c88c-45e4-a562-83c54eec66ba","AID64ROI5001"
"f2272ecc-c88c-45e4-a562-83c54eec66ba","AIDNC6K34001"
"f2272ecc-c88c-45e4-a562-83c54eec66ba","AIDP6XY34001"
"f2272ecc-c88c-45e4-a562-83c54eec66ba","AID7MQOI5001"
"f2272ecc-c88c-45e4-a562-83c54eec66ba","AIDQOZM34001"
"f2272ecc-c88c-45e4-a562-83c54eec66ba","AID94LW34001"
"f2272ecc-c88c-45e4-a562-83c54eec66ba","AIDATY2O4001"
"f2272ecc-c88c-45e4-a562-83c54eec66ba","AIDY0QOI5001"
"f2272ecc-c88c-45e4-a562-83c54eec66ba","AIDUWROI5001"
"f2272ecc-c88c-45e4-a562-83c54eec66ba","AIDKUEQB1001"
"f2272ecc-c88c-45e4-a562-83c54eec66ba","AID6SQOI5001"
"f2272ecc-c88c-45e4-a562-83c54eec66ba","AID85ROI5001"
"f2272ecc-c88c-45e4-a562-83c54eec66ba","AIDZYOYM4001"
"f2272ecc-c88c-45e4-a562-83c54eec66ba","AIDUOCK45001"
"f2272ecc-c88c-45e4-a562-83c54eec66ba","AIDAAROI5001"
"f2272ecc-c88c-45e4-a562-83c54eec66ba","AIDW2LW34001"
"f2272ecc-c88c-45e4-a562-83c54eec66ba","AIDPXROI5001"
"f2272ecc-c88c-45e4-a562-83c54eec66ba","AID0H6K34001"
"f2272ecc-c88c-45e4-a562-83c54eec66ba","AIDMHZM34001"
"f2272ecc-c88c-45e4-a562-83c54eec66ba","AIDWUROI5001"
"f2272ecc-c88c-45e4-a562-83c54eec66ba","AIDFTY2O4001"
"f2272ecc-c88c-45e4-a562-83c54eec66ba","AIDHJQOI5001"
"f2272ecc-c88c-45e4-a562-83c54eec66ba","AIDXEQOI5001"
"f2272ecc-c88c-45e4-a562-83c54eec66ba","AIDULCK45001"
"f2272ecc-c88c-45e4-a562-83c54eec66ba","AIDQA6K34001"
"f2272ecc-c88c-45e4-a562-83c54eec66ba","AID0Q2Z34001"
"f2272ecc-c88c-45e4-a562-83c54eec66ba","AIDEC6K34001"
"f2272ecc-c88c-45e4-a562-83c54eec66ba","AIDL1ROI5001"
"f2272ecc-c88c-45e4-a562-83c54eec66ba","AID1PQOI5001"
"f2272ecc-c88c-45e4-a562-83c54eec66ba","AIDWPCK45001"
"f2272ecc-c88c-45e4-a562-83c54eec66ba","AIDEMCK45001"
"f2272ecc-c88c-45e4-a562-83c54eec66ba","AIDHGBX34001"
"f2272ecc-c88c-45e4-a562-83c54eec66ba","AIDPVQOI5001"
"f2272ecc-c88c-45e4-a562-83c54eec66ba","AIDVYN2Z3001"
"f2272ecc-c88c-45e4-a562-83c54eec66ba","AIDV5UN34001"
"f2272ecc-c88c-45e4-a562-83c54eec66ba","AIDVCBX34001"
"f2272ecc-c88c-45e4-a562-83c54eec66ba","AIDVLROI5001"
"f2272ecc-c88c-45e4-a562-83c54eec66ba","AID8JROI5001"
"f2272ecc-c88c-45e4-a562-83c54eec66ba","AIDHKPCF1001"
"f2272ecc-c88c-45e4-a562-83c54eec66ba","AIDP6SOI5001"
"f2272ecc-c88c-45e4-a562-83c54eec66ba","AIDIUEQB1001"
"f2272ecc-c88c-45e4-a562-83c54eec66ba","AIDENZM34001"
"f2272ecc-c88c-45e4-a562-83c54eec66ba","AIDVEPT34001"
"f2272ecc-c88c-45e4-a562-83c54eec66ba","AID8H3V34001"
"f2272ecc-c88c-45e4-a562-83c54eec66ba","AIDXU1J02001"
"f2272ecc-c88c-45e4-a562-83c54eec66ba","AIDZHROI5001"
"f2272ecc-c88c-45e4-a562-83c54eec66ba","AIDZGN634001"
"f2272ecc-c88c-45e4-a562-83c54eec66ba","AIDZBBX34001"
"f2272ecc-c88c-45e4-a562-83c54eec66ba","AIDFPR5Z3001"
"f2272ecc-c88c-45e4-a562-83c54eec66ba","AIDASQOI5001"
"f2272ecc-c88c-45e4-a562-83c54eec66ba","AID33ROI5001"
"f2272ecc-c88c-45e4-a562-83c54eec66ba","AIDP8XY34001"
"f2272ecc-c88c-45e4-a562-83c54eec66ba","AIDJPGG34001"
"f2272ecc-c88c-45e4-a562-83c54eec66ba","AIDDJROI5001"
"f2272ecc-c88c-45e4-a562-83c54eec66ba","AIDS3XY34001"
"f2272ecc-c88c-45e4-a562-83c54eec66ba","AID4JCK45001"
"f2272ecc-c88c-45e4-a562-83c54eec66ba","AID3QQOI5001"
"f2272ecc-c88c-45e4-a562-83c54eec66ba","AIDAHROI5001"
"f2272ecc-c88c-45e4-a562-83c54eec66ba","AIDNEUN34001"
"f2272ecc-c88c-45e4-a562-83c54eec66ba","AIDAYQOI5001"
"f2272ecc-c88c-45e4-a562-83c54eec66ba","AID113J34001"
"f2272ecc-c88c-45e4-a562-83c54eec66ba","AID7XQOI5001"
"f2272ecc-c88c-45e4-a562-83c54eec66ba","AIDKBUN34001"
"f2272ecc-c88c-45e4-a562-83c54eec66ba","AIDAQZM34001"
"f2272ecc-c88c-45e4-a562-83c54eec66ba","AID764444001"
"f2272ecc-c88c-45e4-a562-83c54eec66ba","AIDKEISB1001"
"f2272ecc-c88c-45e4-a562-83c54eec66ba","AIDY3CK45001"
"f2272ecc-c88c-45e4-a562-83c54eec66ba","AIDHF2EF4001"
"f2272ecc-c88c-45e4-a562-83c54eec66ba","AIDVZBK45001"
"f2272ecc-c88c-45e4-a562-83c54eec66ba","AIDWI3V34001"
"f2272ecc-c88c-45e4-a562-83c54eec66ba","AID72ROI5001"
"f2272ecc-c88c-45e4-a562-83c54eec66ba","AIDGKCK45001"
"f2272ecc-c88c-45e4-a562-83c54eec66ba","AIDQSROI5001"
"f2272ecc-c88c-45e4-a562-83c54eec66ba","AIDTYQOI5001"
"f2272ecc-c88c-45e4-a562-83c54eec66ba","AID7JROI5001"
"f2272ecc-c88c-45e4-a562-83c54eec66ba","AIDM8TSJ4001"
"f2272ecc-c88c-45e4-a562-83c54eec66ba","AIDXWBK45001"
"f2272ecc-c88c-45e4-a562-83c54eec66ba","AIDG9ROI5001"
"f2272ecc-c88c-45e4-a562-83c54eec66ba","AIDUHBX34001"
"f2272ecc-c88c-45e4-a562-83c54eec66ba","AID0QQOI5001"
"f2272ecc-c88c-45e4-a562-83c54eec66ba","AIDSQVIZ3001"
"f2272ecc-c88c-45e4-a562-83c54eec66ba","AIDGDROI5001"
"f2272ecc-c88c-45e4-a562-83c54eec66ba","AIDSNZM34001"
"f2272ecc-c88c-45e4-a562-83c54eec66ba","AID4SM444001"
"f2272ecc-c88c-45e4-a562-83c54eec66ba","AID7NZM34001"
"f2272ecc-c88c-45e4-a562-83c54eec66ba","AIDF3CK45001"
"f2272ecc-c88c-45e4-a562-83c54eec66ba","AIDTTROI5001"
"f2272ecc-c88c-45e4-a562-83c54eec66ba","AIDEBSOI5001"
"f2272ecc-c88c-45e4-a562-83c54eec66ba","AID8RROI5001"
"f2272ecc-c88c-45e4-a562-83c54eec66ba","AIDNQSOI5001"
"f2272ecc-c88c-45e4-a562-83c54eec66ba","AIDXVQOI5001"
"f2272ecc-c88c-45e4-a562-83c54eec66ba","AIDFOZM34001"
"f2272ecc-c88c-45e4-a562-83c54eec66ba","AIDKR2Z34001"
"f2272ecc-c88c-45e4-a562-83c54eec66ba","AID0QCK45001"
"f2272ecc-c88c-45e4-a562-83c54eec66ba","AIDUBBX34001"
"f2272ecc-c88c-45e4-a562-83c54eec66ba","AID78UN34001"
"f2272ecc-c88c-45e4-a562-83c54eec66ba","AIDEGROI5001"
"f2272ecc-c88c-45e4-a562-83c54eec66ba","AID9OQOI5001"
"f2272ecc-c88c-45e4-a562-83c54eec66ba","AIDTUQOI5001"
"f2272ecc-c88c-45e4-a562-83c54eec66ba","AIDPTROI5001"
"f2272ecc-c88c-45e4-a562-83c54eec66ba","AIDLQROI5001"
"f2272ecc-c88c-45e4-a562-83c54eec66ba","AID0PCK45001"
"f2272ecc-c88c-45e4-a562-83c54eec66ba","AID9AP544001"
"f2272ecc-c88c-45e4-a562-83c54eec66ba","AIDIDUV34001"
"f2272ecc-c88c-45e4-a562-83c54eec66ba","AIDJKROI5001"
"f2272ecc-c88c-45e4-a562-83c54eec66ba","AIDXZQOI5001"
"f2272ecc-c88c-45e4-a562-83c54eec66ba","AID7DROI5001"
"f2272ecc-c88c-45e4-a562-83c54eec66ba","AIDX0TOI5001"
"f2272ecc-c88c-45e4-a562-83c54eec66ba","AIDFFROI5001"
"f2272ecc-c88c-45e4-a562-83c54eec66ba","AIDOEUV34001"
"f2272ecc-c88c-45e4-a562-83c54eec66ba","AIDFCUN34001"
"f2272ecc-c88c-45e4-a562-83c54eec66ba","AID7H3V34001"
"f2272ecc-c88c-45e4-a562-83c54eec66ba","AIDF8UN34001"
"f2272ecc-c88c-45e4-a562-83c54eec66ba","AIDQXJ044001"
"f2272ecc-c88c-45e4-a562-83c54eec66ba","AIDGDP544001"
"f2272ecc-c88c-45e4-a562-83c54eec66ba","AIDAQROI5001"
"f2272ecc-c88c-45e4-a562-83c54eec66ba","AID8HUV34001"
"f2272ecc-c88c-45e4-a562-83c54eec66ba","AIDSUGL64001"
"f2272ecc-c88c-45e4-a562-83c54eec66ba","AID5AROI5001"
"f2272ecc-c88c-45e4-a562-83c54eec66ba","AID0OCK45001"
"f2272ecc-c88c-45e4-a562-83c54eec66ba","AIDC54444001"
"f2272ecc-c88c-45e4-a562-83c54eec66ba","AIDUUCK45001"
"f2272ecc-c88c-45e4-a562-83c54eec66ba","AIDLOFL34001"
"f2272ecc-c88c-45e4-a562-83c54eec66ba","AID18XY34001"
"f2272ecc-c88c-45e4-a562-83c54eec66ba","AIDEWE244001"
"f2272ecc-c88c-45e4-a562-83c54eec66ba","AIDESQOI5001"
"f2272ecc-c88c-45e4-a562-83c54eec66ba","AIDHKSOI5001"
"f2272ecc-c88c-45e4-a562-83c54eec66ba","AID19SOI5001"
"f2272ecc-c88c-45e4-a562-83c54eec66ba","AIDMAPT34001"
"f2272ecc-c88c-45e4-a562-83c54eec66ba","AIDQAJL64001"
"f2272ecc-c88c-45e4-a562-83c54eec66ba","AID6AWOI5001"
"f2272ecc-c88c-45e4-a562-83c54eec66ba","AIDBC4044001"
"f2272ecc-c88c-45e4-a562-83c54eec66ba","AIDZPZM34001"
"f2272ecc-c88c-45e4-a562-83c54eec66ba","AIDN7CK45001"
"f2272ecc-c88c-45e4-a562-83c54eec66ba","AIDKTI044001"
"f2272ecc-c88c-45e4-a562-83c54eec66ba","AID003J34001"
"f2272ecc-c88c-45e4-a562-83c54eec66ba","AIDONSOI5001"
"f2272ecc-c88c-45e4-a562-83c54eec66ba","AID183092001"
"f2272ecc-c88c-45e4-a562-83c54eec66ba","AIDZUCK45001"
"f2272ecc-c88c-45e4-a562-83c54eec66ba","AIDOSROI5001"
"f2272ecc-c88c-45e4-a562-83c54eec66ba","AIDV1K044001"
"f2272ecc-c88c-45e4-a562-83c54eec66ba","AID7Y2044001"
"f2272ecc-c88c-45e4-a562-83c54eec66ba","AIDY5VOI5001"
"f2272ecc-c88c-45e4-a562-83c54eec66ba","AIDYM2Z34001"
"f2272ecc-c88c-45e4-a562-83c54eec66ba","AID8QZM34001"
"f2272ecc-c88c-45e4-a562-83c54eec66ba","AIDWSQOI5001"
"f2272ecc-c88c-45e4-a562-83c54eec66ba","AIDI9SOI5001"
"f2272ecc-c88c-45e4-a562-83c54eec66ba","AIDTLM344001"
"f2272ecc-c88c-45e4-a562-83c54eec66ba","AIDKSCK45001"
"f2272ecc-c88c-45e4-a562-83c54eec66ba","AIDVMTO34001"
"f2272ecc-c88c-45e4-a562-83c54eec66ba","AIDRBM344001"
"f2272ecc-c88c-45e4-a562-83c54eec66ba","AIDPSROI5001"
"f2272ecc-c88c-45e4-a562-83c54eec66ba","AID0LROI5001"
"f2272ecc-c88c-45e4-a562-83c54eec66ba","AIDI5TOI5001"
"f2272ecc-c88c-45e4-a562-83c54eec66ba","AIDOMSOI5001"
"f2272ecc-c88c-45e4-a562-83c54eec66ba","AID9XWO34001"
"f2272ecc-c88c-45e4-a562-83c54eec66ba","AIDDMSOI5001"
"f2272ecc-c88c-45e4-a562-83c54eec66ba","AIDUNCK45001"
"f2272ecc-c88c-45e4-a562-83c54eec66ba","AIDXB4044001"
"f2272ecc-c88c-45e4-a562-83c54eec66ba","AIDKQROI5001"
"f2272ecc-c88c-45e4-a562-83c54eec66ba","AIDUZROI5001"
"f2272ecc-c88c-45e4-a562-83c54eec66ba","AID9QX404001"
"f2272ecc-c88c-45e4-a562-83c54eec66ba","AIDVUROI5001"
"f2272ecc-c88c-45e4-a562-83c54eec66ba","AIDNJUV34001"
"f2272ecc-c88c-45e4-a562-83c54eec66ba","AIDGYROI5001"
"f2272ecc-c88c-45e4-a562-83c54eec66ba","AIDJUBK45001"
"f2272ecc-c88c-45e4-a562-83c54eec66ba","AIDNPROI5001"
"f2272ecc-c88c-45e4-a562-83c54eec66ba","AID9MROI5001"
"f2272ecc-c88c-45e4-a562-83c54eec66ba","AIDSJROI5001"
"f2272ecc-c88c-45e4-a562-83c54eec66ba","AID0C4044001"
"f2272ecc-c88c-45e4-a562-83c54eec66ba","AID8WM444001"
"f2272ecc-c88c-45e4-a562-83c54eec66ba","AIDAGSOI5001"
"f2272ecc-c88c-45e4-a562-83c54eec66ba","AID6SCK45001"
"f2272ecc-c88c-45e4-a562-83c54eec66ba","AIDG4SOI5001"
"f2272ecc-c88c-45e4-a562-83c54eec66ba","AID1I3V34001"
"f2272ecc-c88c-45e4-a562-83c54eec66ba","AIDGTM444001"
"f2272ecc-c88c-45e4-a562-83c54eec66ba","AIDXWE244001"
"f2272ecc-c88c-45e4-a562-83c54eec66ba","AIDXUROI5001"
"f2272ecc-c88c-45e4-a562-83c54eec66ba","AIDV34444001"
"f2272ecc-c88c-45e4-a562-83c54eec66ba","AIDXI0191001"
"f2272ecc-c88c-45e4-a562-83c54eec66ba","AID89HWN4001"
"f2272ecc-c88c-45e4-a562-83c54eec66ba","AIDRD3V34001"
"f2272ecc-c88c-45e4-a562-83c54eec66ba","AIDZISOI5001"
"f2272ecc-c88c-45e4-a562-83c54eec66ba","AIDLMZM34001"
"f2272ecc-c88c-45e4-a562-83c54eec66ba","AID0ESOI5001"
"f2272ecc-c88c-45e4-a562-83c54eec66ba","AIDVDROI5001"
"f2272ecc-c88c-45e4-a562-83c54eec66ba","AID0YSOI5001"
"f2272ecc-c88c-45e4-a562-83c54eec66ba","AID8MROI5001"
"f2272ecc-c88c-45e4-a562-83c54eec66ba","AIDBHROI5001"
"f2272ecc-c88c-45e4-a562-83c54eec66ba","AIDXFUV34001"
"f2272ecc-c88c-45e4-a562-83c54eec66ba","AIDSWROI5001"
"f2272ecc-c88c-45e4-a562-83c54eec66ba","AIDQPRZZ3001"
"f2272ecc-c88c-45e4-a562-83c54eec66ba","AIDFHTOI5001"
"f2272ecc-c88c-45e4-a562-83c54eec66ba","AIDNVROI5001"
"f2272ecc-c88c-45e4-a562-83c54eec66ba","AID5CSOI5001"
"f2272ecc-c88c-45e4-a562-83c54eec66ba","AIDMMSOI5001"
"f2272ecc-c88c-45e4-a562-83c54eec66ba","AIDBYM444001"
"f2272ecc-c88c-45e4-a562-83c54eec66ba","AID2GA8H6001"
"f2272ecc-c88c-45e4-a562-83c54eec66ba","AID1JSOI5001"
"f2272ecc-c88c-45e4-a562-83c54eec66ba","AIDHY3444001"
"f2272ecc-c88c-45e4-a562-83c54eec66ba","AIDMOSOI5001"
"f2272ecc-c88c-45e4-a562-83c54eec66ba","AIDAJA8H6001"
"f2272ecc-c88c-45e4-a562-83c54eec66ba","AIDPP2Z34001"
"f2272ecc-c88c-45e4-a562-83c54eec66ba","AIDZ8ROI5001"
"f2272ecc-c88c-45e4-a562-83c54eec66ba","AIDDMCK45001"
"f2272ecc-c88c-45e4-a562-83c54eec66ba","AIDRWROI5001"
"f2272ecc-c88c-45e4-a562-83c54eec66ba","AIDB7TOI5001"
"f2272ecc-c88c-45e4-a562-83c54eec66ba","AIDVYROI5001"
"f2272ecc-c88c-45e4-a562-83c54eec66ba","AIDNOROI5001"
"f2272ecc-c88c-45e4-a562-83c54eec66ba","AID3QZM34001"
"f2272ecc-c88c-45e4-a562-83c54eec66ba","AIDGQCK45001"
"f2272ecc-c88c-45e4-a562-83c54eec66ba","AID2QQ9Z3001"
"f2272ecc-c88c-45e4-a562-83c54eec66ba","AIDK9SOI5001"
"f2272ecc-c88c-45e4-a562-83c54eec66ba","AIDTSY2O4001"
"f2272ecc-c88c-45e4-a562-83c54eec66ba","AIDIPROI5001"
"f2272ecc-c88c-45e4-a562-83c54eec66ba","AIDLHUV34001"
"f2272ecc-c88c-45e4-a562-83c54eec66ba","AID34K044001"
"f2272ecc-c88c-45e4-a562-83c54eec66ba","AIDJFUV34001"
"f2272ecc-c88c-45e4-a562-83c54eec66ba","AIDS96K34001"
"f2272ecc-c88c-45e4-a562-83c54eec66ba","AID6F3V34001"
"f2272ecc-c88c-45e4-a562-83c54eec66ba","AIDCFCK45001"
"f2272ecc-c88c-45e4-a562-83c54eec66ba","AID54SOI5001"
"f2272ecc-c88c-45e4-a562-83c54eec66ba","AIDLESOI5001"
"f2272ecc-c88c-45e4-a562-83c54eec66ba","AIDCIROI5001"
"f2272ecc-c88c-45e4-a562-83c54eec66ba","AIDSDP544001"
"f2272ecc-c88c-45e4-a562-83c54eec66ba","AID84TOI5001"
"f2272ecc-c88c-45e4-a562-83c54eec66ba","AIDGFSOI5001"
"f2272ecc-c88c-45e4-a562-83c54eec66ba","AIDYFV144001"
"f2272ecc-c88c-45e4-a562-83c54eec66ba","AID2TCK45001"
"f2272ecc-c88c-45e4-a562-83c54eec66ba","AIDMPSOI5001"
"f2272ecc-c88c-45e4-a562-83c54eec66ba","AIDFSSOI5001"
"f2272ecc-c88c-45e4-a562-83c54eec66ba","AIDE3SOI5001"
"f2272ecc-c88c-45e4-a562-83c54eec66ba","AIDIVE244001"
"f2272ecc-c88c-45e4-a562-83c54eec66ba","AIDNSROI5001"
"f2272ecc-c88c-45e4-a562-83c54eec66ba","AIDKLTOI5001"
"f2272ecc-c88c-45e4-a562-83c54eec66ba","AIDXWSOI5001"
"f2272ecc-c88c-45e4-a562-83c54eec66ba","AIDV3SOI5001"
"f2272ecc-c88c-45e4-a562-83c54eec66ba","AIDF64444001"
"f2272ecc-c88c-45e4-a562-83c54eec66ba","AID03TOI5001"
"f2272ecc-c88c-45e4-a562-83c54eec66ba","AIDDHTOI5001"
"f2272ecc-c88c-45e4-a562-83c54eec66ba","AIDWWFUA1001"
"f2272ecc-c88c-45e4-a562-83c54eec66ba","AIDJOROI5001"
"f2272ecc-c88c-45e4-a562-83c54eec66ba","AID50CK45001"
"f2272ecc-c88c-45e4-a562-83c54eec66ba","AIDDYJ044001"
"f2272ecc-c88c-45e4-a562-83c54eec66ba","AIDZTM444001"
"f2272ecc-c88c-45e4-a562-83c54eec66ba","AIDJ5TOI5001"
"f2272ecc-c88c-45e4-a562-83c54eec66ba","AIDR2SOI5001"
"f2272ecc-c88c-45e4-a562-83c54eec66ba","AIDSPCK45001"
"f2272ecc-c88c-45e4-a562-83c54eec66ba","AIDDESOI5001"
"f2272ecc-c88c-45e4-a562-83c54eec66ba","AIDXTROI5001"
"f2272ecc-c88c-45e4-a562-83c54eec66ba","AID9I4044001"
"f2272ecc-c88c-45e4-a562-83c54eec66ba","AID6GSOI5001"
"f2272ecc-c88c-45e4-a562-83c54eec66ba","AIDXYSOI5001"
"f2272ecc-c88c-45e4-a562-83c54eec66ba","AIDL4TOI5001"
"f2272ecc-c88c-45e4-a562-83c54eec66ba","AIDC5TOI5001"
"f2272ecc-c88c-45e4-a562-83c54eec66ba","AIDKQSOI5001"
"f2272ecc-c88c-45e4-a562-83c54eec66ba","AID1DSOI5001"
"f2272ecc-c88c-45e4-a562-83c54eec66ba","AIDH34444001"
"f2272ecc-c88c-45e4-a562-83c54eec66ba","AIDTVSOI5001"
"f2272ecc-c88c-45e4-a562-83c54eec66ba","AIDW1ROI5001"
"f2272ecc-c88c-45e4-a562-83c54eec66ba","AIDSCBX34001"
"f2272ecc-c88c-45e4-a562-83c54eec66ba","AIDBXROI5001"
"f2272ecc-c88c-45e4-a562-83c54eec66ba","AIDSKSOI5001"
"f2272ecc-c88c-45e4-a562-83c54eec66ba","AID1AA8H6001"
"f2272ecc-c88c-45e4-a562-83c54eec66ba","AID3C32L5001"
"f2272ecc-c88c-45e4-a562-83c54eec66ba","AID4WE244001"
"f2272ecc-c88c-45e4-a562-83c54eec66ba","AIDGDSOI5001"
"f2272ecc-c88c-45e4-a562-83c54eec66ba","AID7RCK45001"
"f2272ecc-c88c-45e4-a562-83c54eec66ba","AIDKOSOI5001"
"f2272ecc-c88c-45e4-a562-83c54eec66ba","AIDNOCK45001"
"f2272ecc-c88c-45e4-a562-83c54eec66ba","AIDXXSOI5001"
"f2272ecc-c88c-45e4-a562-83c54eec66ba","AIDWJCK45001"
"f2272ecc-c88c-45e4-a562-83c54eec66ba","AIDS1LW34001"
"f2272ecc-c88c-45e4-a562-83c54eec66ba","AIDSZROI5001"
"f2272ecc-c88c-45e4-a562-83c54eec66ba","AIDTTSOI5001"
"f2272ecc-c88c-45e4-a562-83c54eec66ba","AIDLBPT34001"
"f2272ecc-c88c-45e4-a562-83c54eec66ba","AID5GVOI5001"
"f2272ecc-c88c-45e4-a562-83c54eec66ba","AID53XY34001"
"f2272ecc-c88c-45e4-a562-83c54eec66ba","AID9RWOI5001"
"f2272ecc-c88c-45e4-a562-83c54eec66ba","AIDKTTOI5001"
"f2272ecc-c88c-45e4-a562-83c54eec66ba","AID43TOI5001"
"f2272ecc-c88c-45e4-a562-83c54eec66ba","AIDPNSOI5001"
"f2272ecc-c88c-45e4-a562-83c54eec66ba","AIDWDV144001"
"f2272ecc-c88c-45e4-a562-83c54eec66ba","AIDI7TT04001"
"f2272ecc-c88c-45e4-a562-83c54eec66ba","AIDJ2CK45001"
"f2272ecc-c88c-45e4-a562-83c54eec66ba","AIDD9M344001"
"f2272ecc-c88c-45e4-a562-83c54eec66ba","AID93TOI5001"
"f2272ecc-c88c-45e4-a562-83c54eec66ba","AID0J6434001"
"f2272ecc-c88c-45e4-a562-83c54eec66ba","AID5GP544001"
"f2272ecc-c88c-45e4-a562-83c54eec66ba","AIDAXBDD1001"
"f2272ecc-c88c-45e4-a562-83c54eec66ba","AIDKKSOI5001"
"f2272ecc-c88c-45e4-a562-83c54eec66ba","AIDDPCK45001"
"f2272ecc-c88c-45e4-a562-83c54eec66ba","AIDRTY2O4001"
"f2272ecc-c88c-45e4-a562-83c54eec66ba","AIDYEV144001"
"f2272ecc-c88c-45e4-a562-83c54eec66ba","AID0BTOI5001"
"f2272ecc-c88c-45e4-a562-83c54eec66ba","AIDQ9XOI5001"
"f2272ecc-c88c-45e4-a562-83c54eec66ba","AID4DSOI5001"
"f2272ecc-c88c-45e4-a562-83c54eec66ba","AIDBVF2I1001"
"f2272ecc-c88c-45e4-a562-83c54eec66ba","AIDUVSOI5001"
"f2272ecc-c88c-45e4-a562-83c54eec66ba","AID0OSOI5001"
"f2272ecc-c88c-45e4-a562-83c54eec66ba","AID4CRT34001"
"f2272ecc-c88c-45e4-a562-83c54eec66ba","AIDKFP544001"
"f2272ecc-c88c-45e4-a562-83c54eec66ba","AID88SOI5001"
"f2272ecc-c88c-45e4-a562-83c54eec66ba","AIDC6TOI5001"
"f2272ecc-c88c-45e4-a562-83c54eec66ba","AID93XY34001"
"f2272ecc-c88c-45e4-a562-83c54eec66ba","AIDNPCK45001"
"f2272ecc-c88c-45e4-a562-83c54eec66ba","AIDY0WOI5001"
"f2272ecc-c88c-45e4-a562-83c54eec66ba","AIDVDTOI5001"
"f2272ecc-c88c-45e4-a562-83c54eec66ba","AID68SOI5001"
"f2272ecc-c88c-45e4-a562-83c54eec66ba","AIDK6SOI5001"
"f2272ecc-c88c-45e4-a562-83c54eec66ba","AIDWGCK45001"
"f2272ecc-c88c-45e4-a562-83c54eec66ba","AIDGRTOI5001"
"f2272ecc-c88c-45e4-a562-83c54eec66ba","AIDIAM344001"
"f2272ecc-c88c-45e4-a562-83c54eec66ba","AIDHTY2O4001"
"f2272ecc-c88c-45e4-a562-83c54eec66ba","AIDW7SOI5001"
"f2272ecc-c88c-45e4-a562-83c54eec66ba","AIDPISOI5001"
"f2272ecc-c88c-45e4-a562-83c54eec66ba","AIDE6TOI5001"
"f2272ecc-c88c-45e4-a562-83c54eec66ba","AIDL8TOI5001"
"f2272ecc-c88c-45e4-a562-83c54eec66ba","AID30TOI5001"
"f2272ecc-c88c-45e4-a562-83c54eec66ba","AID4NVOI5001"
"f2272ecc-c88c-45e4-a562-83c54eec66ba","AIDFPTOI5001"
"f2272ecc-c88c-45e4-a562-83c54eec66ba","AIDL2TOI5001"
"f2272ecc-c88c-45e4-a562-83c54eec66ba","AIDTPCK45001"
"f2272ecc-c88c-45e4-a562-83c54eec66ba","AIDJWSOI5001"
"f2272ecc-c88c-45e4-a562-83c54eec66ba","AIDBMSOI5001"
"f2272ecc-c88c-45e4-a562-83c54eec66ba","AIDA9MS34001"
"f2272ecc-c88c-45e4-a562-83c54eec66ba","AID5WCK45001"
"f2272ecc-c88c-45e4-a562-83c54eec66ba","AID4YSOI5001"
"f2272ecc-c88c-45e4-a562-83c54eec66ba","AID694444001"
"f2272ecc-c88c-45e4-a562-83c54eec66ba","AIDRDM344001"
"f2272ecc-c88c-45e4-a562-83c54eec66ba","AIDIPSOI5001"
"f2272ecc-c88c-45e4-a562-83c54eec66ba","AID1USOI5001"
"f2272ecc-c88c-45e4-a562-83c54eec66ba","AID45SOI5001"
"f2272ecc-c88c-45e4-a562-83c54eec66ba","AIDZVUOI5001"
"f2272ecc-c88c-45e4-a562-83c54eec66ba","AIDMESOI5001"
"f2272ecc-c88c-45e4-a562-83c54eec66ba","AID42TOI5001"
"f2272ecc-c88c-45e4-a562-83c54eec66ba","AIDEA42L5001"
"f2272ecc-c88c-45e4-a562-83c54eec66ba","AIDCKCK45001"
"f2272ecc-c88c-45e4-a562-83c54eec66ba","AIDSDTOI5001"
"f2272ecc-c88c-45e4-a562-83c54eec66ba","AIDL0TOI5001"
"f2272ecc-c88c-45e4-a562-83c54eec66ba","AIDP3IU34001"
"f2272ecc-c88c-45e4-a562-83c54eec66ba","AIDKWSOI5001"
"f2272ecc-c88c-45e4-a562-83c54eec66ba","AID10CK45001"
"f2272ecc-c88c-45e4-a562-83c54eec66ba","AID6ISOI5001"
"f2272ecc-c88c-45e4-a562-83c54eec66ba","AIDMDPP34001"
"f2272ecc-c88c-45e4-a562-83c54eec66ba","AIDITWOI5001"
"f2272ecc-c88c-45e4-a562-83c54eec66ba","AID4HSOI5001"
"f2272ecc-c88c-45e4-a562-83c54eec66ba","AID944444001"
"f2272ecc-c88c-45e4-a562-83c54eec66ba","AIDMHPT34001"
"f2272ecc-c88c-45e4-a562-83c54eec66ba","AIDA14BZ3001"
"f2272ecc-c88c-45e4-a562-83c54eec66ba","AIDPWBK45001"
"f2272ecc-c88c-45e4-a562-83c54eec66ba","AIDGOTOI5001"
"f2272ecc-c88c-45e4-a562-83c54eec66ba","AID9NCK45001"
"f2272ecc-c88c-45e4-a562-83c54eec66ba","AID5O7L64001"
"f2272ecc-c88c-45e4-a562-83c54eec66ba","AID85CK45001"
"f2272ecc-c88c-45e4-a562-83c54eec66ba","AIDESSOI5001"
"f2272ecc-c88c-45e4-a562-83c54eec66ba","AID424444001"
"f2272ecc-c88c-45e4-a562-83c54eec66ba","AID79ROI5001"
"f2272ecc-c88c-45e4-a562-83c54eec66ba","AID2YA8H6001"
"f2272ecc-c88c-45e4-a562-83c54eec66ba","AIDH9SOI5001"
"f2272ecc-c88c-45e4-a562-83c54eec66ba","AIDUEROI5001"
"f2272ecc-c88c-45e4-a562-83c54eec66ba","AIDFBSOI5001"
"f2272ecc-c88c-45e4-a562-83c54eec66ba","AIDO9TOI5001"
"f2272ecc-c88c-45e4-a562-83c54eec66ba","AIDR14444001"
"f2272ecc-c88c-45e4-a562-83c54eec66ba","AIDVBTOI5001"
"f2272ecc-c88c-45e4-a562-83c54eec66ba","AIDNCM344001"
"f2272ecc-c88c-45e4-a562-83c54eec66ba","AID6QWOI5001"
"f2272ecc-c88c-45e4-a562-83c54eec66ba","AIDIDVOI5001"
"f2272ecc-c88c-45e4-a562-83c54eec66ba","AIDTIWOI5001"
"f2272ecc-c88c-45e4-a562-83c54eec66ba","AIDI14444001"
"f2272ecc-c88c-45e4-a562-83c54eec66ba","AIDIESOI5001"
"f2272ecc-c88c-45e4-a562-83c54eec66ba","AIDBKVOI5001"
"f2272ecc-c88c-45e4-a562-83c54eec66ba","AID64TOI5001"
"f2272ecc-c88c-45e4-a562-83c54eec66ba","AID8GP544001"
"f2272ecc-c88c-45e4-a562-83c54eec66ba","AIDLKSOI5001"
"f2272ecc-c88c-45e4-a562-83c54eec66ba","AIDBUSOI5001"
"f2272ecc-c88c-45e4-a562-83c54eec66ba","AIDOEVOI5001"
"f2272ecc-c88c-45e4-a562-83c54eec66ba","AIDW8CK45001"
"f2272ecc-c88c-45e4-a562-83c54eec66ba","AIDZOCK45001"
"f2272ecc-c88c-45e4-a562-83c54eec66ba","AID8CUOI5001"
"f2272ecc-c88c-45e4-a562-83c54eec66ba","AID3CSOI5001"
"f2272ecc-c88c-45e4-a562-83c54eec66ba","AIDQ7SOI5001"
"f2272ecc-c88c-45e4-a562-83c54eec66ba","AIDTWBK45001"
"f2272ecc-c88c-45e4-a562-83c54eec66ba","AIDS2TOI5001"
"f2272ecc-c88c-45e4-a562-83c54eec66ba","AIDKMSOI5001"
"f2272ecc-c88c-45e4-a562-83c54eec66ba","AIDSWE244001"
"f2272ecc-c88c-45e4-a562-83c54eec66ba","AIDBBUZM4001"
"f2272ecc-c88c-45e4-a562-83c54eec66ba","AIDJUTOI5001"
"f2272ecc-c88c-45e4-a562-83c54eec66ba","AIDNGTOI5001"
"f2272ecc-c88c-45e4-a562-83c54eec66ba","AIDB3TOI5001"
"f2272ecc-c88c-45e4-a562-83c54eec66ba","AIDI0YOI5001"
"f2272ecc-c88c-45e4-a562-83c54eec66ba","AID8UY2O4001"
"f2272ecc-c88c-45e4-a562-83c54eec66ba","AIDM2UOI5001"
"f2272ecc-c88c-45e4-a562-83c54eec66ba","AIDWRCK45001"
"f2272ecc-c88c-45e4-a562-83c54eec66ba","AIDULXOI5001"
"f2272ecc-c88c-45e4-a562-83c54eec66ba","AIDWOUOI5001"
"f2272ecc-c88c-45e4-a562-83c54eec66ba","AIDBOTOI5001"
"f2272ecc-c88c-45e4-a562-83c54eec66ba","AID58UN34001"
"f2272ecc-c88c-45e4-a562-83c54eec66ba","AIDO72S34001"
"f2272ecc-c88c-45e4-a562-83c54eec66ba","AIDJGM344001"
"f2272ecc-c88c-45e4-a562-83c54eec66ba","AIDN812L5001"
"f2272ecc-c88c-45e4-a562-83c54eec66ba","AID05XY34001"
"f2272ecc-c88c-45e4-a562-83c54eec66ba","AIDC6CK45001"
"f2272ecc-c88c-45e4-a562-83c54eec66ba","AID8FVOI5001"
"f2272ecc-c88c-45e4-a562-83c54eec66ba","AID3FPT34001"
"f2272ecc-c88c-45e4-a562-83c54eec66ba","AIDK3WOI5001"
"f2272ecc-c88c-45e4-a562-83c54eec66ba","AIDG0K044001"
"f2272ecc-c88c-45e4-a562-83c54eec66ba","AID8MVOI5001"
"f2272ecc-c88c-45e4-a562-83c54eec66ba","AID3VCK45001"
"f2272ecc-c88c-45e4-a562-83c54eec66ba","AIDYXBK45001"
"f2272ecc-c88c-45e4-a562-83c54eec66ba","AIDLPCK45001"
"f2272ecc-c88c-45e4-a562-83c54eec66ba","AIDAUSOI5001"
"f2272ecc-c88c-45e4-a562-83c54eec66ba","AID9XSOI5001"
"f2272ecc-c88c-45e4-a562-83c54eec66ba","AIDKPCK45001"
"f2272ecc-c88c-45e4-a562-83c54eec66ba","AID4ATOI5001"
"f2272ecc-c88c-45e4-a562-83c54eec66ba","AID8SC8H6001"
"f2272ecc-c88c-45e4-a562-83c54eec66ba","AIDJQCK45001"
"f2272ecc-c88c-45e4-a562-83c54eec66ba","AIDYHP544001"
"f2272ecc-c88c-45e4-a562-83c54eec66ba","AIDHYKW34001"
"f2272ecc-c88c-45e4-a562-83c54eec66ba","AIDTNTOI5001"
"f2272ecc-c88c-45e4-a562-83c54eec66ba","AIDACXOI5001"
"f2272ecc-c88c-45e4-a562-83c54eec66ba","AIDQ0TOI5001"
"f2272ecc-c88c-45e4-a562-83c54eec66ba","AIDHFVOI5001"
"f2272ecc-c88c-45e4-a562-83c54eec66ba","AIDHQTO34001"
"f2272ecc-c88c-45e4-a562-83c54eec66ba","AIDTLCK45001"
"f2272ecc-c88c-45e4-a562-83c54eec66ba","AID3RCK45001"
"f2272ecc-c88c-45e4-a562-83c54eec66ba","AIDDBVOI5001"
"f2272ecc-c88c-45e4-a562-83c54eec66ba","AID5ZJ044001"
"f2272ecc-c88c-45e4-a562-83c54eec66ba","AIDHSCK45001"
"f2272ecc-c88c-45e4-a562-83c54eec66ba","AIDXIXOI5001"
"f2272ecc-c88c-45e4-a562-83c54eec66ba","AID28WOI5001"
"f2272ecc-c88c-45e4-a562-83c54eec66ba","AIDG42S34001"
"f2272ecc-c88c-45e4-a562-83c54eec66ba","AIDO5A8H6001"
"f2272ecc-c88c-45e4-a562-83c54eec66ba","AIDRYB8H6001"
"f2272ecc-c88c-45e4-a562-83c54eec66ba","AID65CK45001"
"f2272ecc-c88c-45e4-a562-83c54eec66ba","AIDEO2Z34001"
"f2272ecc-c88c-45e4-a562-83c54eec66ba","AIDFA2R34001"
"f2272ecc-c88c-45e4-a562-83c54eec66ba","AIDUDXQ34001"
"f2272ecc-c88c-45e4-a562-83c54eec66ba","AIDHDCK45001"
"f2272ecc-c88c-45e4-a562-83c54eec66ba","AIDYJBX34001"
"f2272ecc-c88c-45e4-a562-83c54eec66ba","AIDV5WOI5001"
"f2272ecc-c88c-45e4-a562-83c54eec66ba","AIDCOZBO6001"
"f2272ecc-c88c-45e4-a562-83c54eec66ba","AIDD8UZM4001"
"f2272ecc-c88c-45e4-a562-83c54eec66ba","AIDD7IU34001"
"f2272ecc-c88c-45e4-a562-83c54eec66ba","AID2DXOI5001"
"f2272ecc-c88c-45e4-a562-83c54eec66ba","AIDAVWOI5001"
"f2272ecc-c88c-45e4-a562-83c54eec66ba","AIDMYWOI5001"
"f2272ecc-c88c-45e4-a562-83c54eec66ba","AID9GLBD4001"
"f2272ecc-c88c-45e4-a562-83c54eec66ba","AIDRXUOI5001"
"f2272ecc-c88c-45e4-a562-83c54eec66ba","AID11VYJ5001"
"f2272ecc-c88c-45e4-a562-83c54eec66ba","AIDLSXOI5001"
"f2272ecc-c88c-45e4-a562-83c54eec66ba","AID7D32L5001"
"f2272ecc-c88c-45e4-a562-83c54eec66ba","AIDDM2Z34001"
"f2272ecc-c88c-45e4-a562-83c54eec66ba","AIDL4B8H6001"
"f2272ecc-c88c-45e4-a562-83c54eec66ba","AIDAUWOI5001"
"f2272ecc-c88c-45e4-a562-83c54eec66ba","AIDU58244001"
"f2272ecc-c88c-45e4-a562-83c54eec66ba","AIDGYI044001"
"f2272ecc-c88c-45e4-a562-83c54eec66ba","AIDKBUOI5001"
"f2272ecc-c88c-45e4-a562-83c54eec66ba","AIDB8VOI5001"
"f2272ecc-c88c-45e4-a562-83c54eec66ba","AIDC2CK45001"
"f2272ecc-c88c-45e4-a562-83c54eec66ba","AIDHQROI5001"
"f2272ecc-c88c-45e4-a562-83c54eec66ba","AID1RCK45001"
"f2272ecc-c88c-45e4-a562-83c54eec66ba","AIDB5WOI5001"
"f2272ecc-c88c-45e4-a562-83c54eec66ba","AIDS3K044001"
"f2272ecc-c88c-45e4-a562-83c54eec66ba","AIDFOTOI5001"
"f2272ecc-c88c-45e4-a562-83c54eec66ba","AIDJEPT34001"
"f2272ecc-c88c-45e4-a562-83c54eec66ba","AIDP1VOI5001"
"f2272ecc-c88c-45e4-a562-83c54eec66ba","AIDG1WOI5001"
"f2272ecc-c88c-45e4-a562-83c54eec66ba","AIDX9BX34001"
"f2272ecc-c88c-45e4-a562-83c54eec66ba","AIDCQCK45001"
"f2272ecc-c88c-45e4-a562-83c54eec66ba","AIDSATOI5001"
"f2272ecc-c88c-45e4-a562-83c54eec66ba","AIDSTI044001"
"f2272ecc-c88c-45e4-a562-83c54eec66ba","AIDURROI5001"
"f2272ecc-c88c-45e4-a562-83c54eec66ba","AID58SOI5001"
"f2272ecc-c88c-45e4-a562-83c54eec66ba","AIDPYVOI5001"
"f2272ecc-c88c-45e4-a562-83c54eec66ba","AID9TY2O4001"
"f2272ecc-c88c-45e4-a562-83c54eec66ba","AIDSG32L5001"
"f2272ecc-c88c-45e4-a562-83c54eec66ba","AIDO2CK45001"
"f2272ecc-c88c-45e4-a562-83c54eec66ba","AIDSTVOI5001"
"f2272ecc-c88c-45e4-a562-83c54eec66ba","AID3QCK45001"
"f2272ecc-c88c-45e4-a562-83c54eec66ba","AID7SCK45001"
"f2272ecc-c88c-45e4-a562-83c54eec66ba","AID1APP34001"
"f2272ecc-c88c-45e4-a562-83c54eec66ba","AIDJ2YOI5001"
"f2272ecc-c88c-45e4-a562-83c54eec66ba","AIDT0CK45001"
"f2272ecc-c88c-45e4-a562-83c54eec66ba","AID8MTO34001"
"f2272ecc-c88c-45e4-a562-83c54eec66ba","AIDU1XOI5001"
"f2272ecc-c88c-45e4-a562-83c54eec66ba","AIDO0LW34001"
"f2272ecc-c88c-45e4-a562-83c54eec66ba","AIDMFUV34001"
"f2272ecc-c88c-45e4-a562-83c54eec66ba","AIDN0UOI5001"
"f2272ecc-c88c-45e4-a562-83c54eec66ba","AIDFG3V34001"
"f2272ecc-c88c-45e4-a562-83c54eec66ba","AIDOASOI5001"
"f2272ecc-c88c-45e4-a562-83c54eec66ba","AIDN2WOI5001"
"f2272ecc-c88c-45e4-a562-83c54eec66ba","AIDPFB8H6001"
"f2272ecc-c88c-45e4-a562-83c54eec66ba","AID2PCK45001"
"f2272ecc-c88c-45e4-a562-83c54eec66ba","AIDCXBK45001"
"f2272ecc-c88c-45e4-a562-83c54eec66ba","AIDKWXOI5001"
"f2272ecc-c88c-45e4-a562-83c54eec66ba","AIDZPCK45001"
"f2272ecc-c88c-45e4-a562-83c54eec66ba","AIDBFMS34001"
"f2272ecc-c88c-45e4-a562-83c54eec66ba","AIDQRWOI5001"
"f2272ecc-c88c-45e4-a562-83c54eec66ba","AIDDNTO34001"
"f2272ecc-c88c-45e4-a562-83c54eec66ba","AID96C8H6001"
"f2272ecc-c88c-45e4-a562-83c54eec66ba","AID2L4044001"
"f2272ecc-c88c-45e4-a562-83c54eec66ba","AIDT7C8H6001"
"f2272ecc-c88c-45e4-a562-83c54eec66ba","AIDBHP544001"
"f2272ecc-c88c-45e4-a562-83c54eec66ba","AIDA4CK45001"
"f2272ecc-c88c-45e4-a562-83c54eec66ba","AIDVBXQ34001"
"f2272ecc-c88c-45e4-a562-83c54eec66ba","AID98LW34001"
"f2272ecc-c88c-45e4-a562-83c54eec66ba","AIDX5UOI5001"
"f2272ecc-c88c-45e4-a562-83c54eec66ba","AID2OUOI5001"
"f2272ecc-c88c-45e4-a562-83c54eec66ba","AIDRTCK45001"
"f2272ecc-c88c-45e4-a562-83c54eec66ba","AID41YOI5001"
"f2272ecc-c88c-45e4-a562-83c54eec66ba","AID1CUOI5001"
"f2272ecc-c88c-45e4-a562-83c54eec66ba","AIDD3VOI5001"
"f2272ecc-c88c-45e4-a562-83c54eec66ba","AID5RCK45001"
"f2272ecc-c88c-45e4-a562-83c54eec66ba","AIDOWM444001"
"f2272ecc-c88c-45e4-a562-83c54eec66ba","AIDRPCK45001"
"f2272ecc-c88c-45e4-a562-83c54eec66ba","AIDPABX34001"
"f2272ecc-c88c-45e4-a562-83c54eec66ba","AIDXRM444001"
"f2272ecc-c88c-45e4-a562-83c54eec66ba","AIDQSCK45001"
"f2272ecc-c88c-45e4-a562-83c54eec66ba","AIDJHXOI5001"
"f2272ecc-c88c-45e4-a562-83c54eec66ba","AIDOZI044001"
"f2272ecc-c88c-45e4-a562-83c54eec66ba","AIDEJVOI5001"
"f2272ecc-c88c-45e4-a562-83c54eec66ba","AID7NCK45001"
"f2272ecc-c88c-45e4-a562-83c54eec66ba","AIDQVBK45001"
"f2272ecc-c88c-45e4-a562-83c54eec66ba","AIDSTY2O4001"
"f2272ecc-c88c-45e4-a562-83c54eec66ba","AIDYZBK45001"
"f2272ecc-c88c-45e4-a562-83c54eec66ba","AIDCNCK45001"
"f2272ecc-c88c-45e4-a562-83c54eec66ba","AIDE0WOI5001"
"f2272ecc-c88c-45e4-a562-83c54eec66ba","AIDPOCK45001"
"f2272ecc-c88c-45e4-a562-83c54eec66ba","AIDJTSYJ5001"
"f2272ecc-c88c-45e4-a562-83c54eec66ba","AIDHXM444001"
"f2272ecc-c88c-45e4-a562-83c54eec66ba","AIDZFPT34001"
"f2272ecc-c88c-45e4-a562-83c54eec66ba","AID2QVOI5001"
"f2272ecc-c88c-45e4-a562-83c54eec66ba","AID1TCK45001"
"f2272ecc-c88c-45e4-a562-83c54eec66ba","AID7QWOI5001"
"f2272ecc-c88c-45e4-a562-83c54eec66ba","AIDUBUYJ5001"
"f2272ecc-c88c-45e4-a562-83c54eec66ba","AID3I42L5001"
"f2272ecc-c88c-45e4-a562-83c54eec66ba","AID2VCK45001"
"f2272ecc-c88c-45e4-a562-83c54eec66ba","AID07UZM4001"
"f2272ecc-c88c-45e4-a562-83c54eec66ba","AIDT42S34001"
"f2272ecc-c88c-45e4-a562-83c54eec66ba","AIDPUE244001"
"f2272ecc-c88c-45e4-a562-83c54eec66ba","AIDX3ZBZ3001"
"f2272ecc-c88c-45e4-a562-83c54eec66ba","AIDSFWOI5001"
"f2272ecc-c88c-45e4-a562-83c54eec66ba","AIDFTWOI5001"
"f2272ecc-c88c-45e4-a562-83c54eec66ba","AIDJTE244001"
"f2272ecc-c88c-45e4-a562-83c54eec66ba","AIDW3VOI5001"
"f2272ecc-c88c-45e4-a562-83c54eec66ba","AID9LV144001"
"f2272ecc-c88c-45e4-a562-83c54eec66ba","AIDPPCK45001"
"f2272ecc-c88c-45e4-a562-83c54eec66ba","AIDIDMS34001"
"f2272ecc-c88c-45e4-a562-83c54eec66ba","AIDC2XOI5001"
"f2272ecc-c88c-45e4-a562-83c54eec66ba","AIDDEVOI5001"
"f2272ecc-c88c-45e4-a562-83c54eec66ba","AID2RCK45001"
"f2272ecc-c88c-45e4-a562-83c54eec66ba","AIDEVBK45001"
"f2272ecc-c88c-45e4-a562-83c54eec66ba","AIDIB3V34001"
"f2272ecc-c88c-45e4-a562-83c54eec66ba","AIDAQXOI5001"
"f2272ecc-c88c-45e4-a562-83c54eec66ba","AIDJEWOI5001"
"f2272ecc-c88c-45e4-a562-83c54eec66ba","AIDMGV144001"
"f2272ecc-c88c-45e4-a562-83c54eec66ba","AIDD2XOI5001"
"f2272ecc-c88c-45e4-a562-83c54eec66ba","AIDQFM344001"
"f2272ecc-c88c-45e4-a562-83c54eec66ba","AIDWUWOI5001"
"f2272ecc-c88c-45e4-a562-83c54eec66ba","AID7HVOI5001"
"f2272ecc-c88c-45e4-a562-83c54eec66ba","AIDKXA8H6001"
"f2272ecc-c88c-45e4-a562-83c54eec66ba","AIDCFUV34001"
"f2272ecc-c88c-45e4-a562-83c54eec66ba","AIDC7UT04001"
"f2272ecc-c88c-45e4-a562-83c54eec66ba","AIDHIUOI5001"
"f2272ecc-c88c-45e4-a562-83c54eec66ba","AIDLUVOI5001"
"f2272ecc-c88c-45e4-a562-83c54eec66ba","AIDG4PYM4001"
"f2272ecc-c88c-45e4-a562-83c54eec66ba","AIDMXXOI5001"
"f2272ecc-c88c-45e4-a562-83c54eec66ba","AID5NCK45001"
"f2272ecc-c88c-45e4-a562-83c54eec66ba","AID1U9N72001"
"f2272ecc-c88c-45e4-a562-83c54eec66ba","AIDKQE244001"
"f2272ecc-c88c-45e4-a562-83c54eec66ba","AID4UY2O4001"
"f2272ecc-c88c-45e4-a562-83c54eec66ba","AIDW6VOI5001"
"f2272ecc-c88c-45e4-a562-83c54eec66ba","AIDHKCK45001"
"f2272ecc-c88c-45e4-a562-83c54eec66ba","AIDD7UZM4001"
"f2272ecc-c88c-45e4-a562-83c54eec66ba","AIDFXBK45001"
"f2272ecc-c88c-45e4-a562-83c54eec66ba","AID3XBK45001"
"f2272ecc-c88c-45e4-a562-83c54eec66ba","AIDS8CK45001"
"f2272ecc-c88c-45e4-a562-83c54eec66ba","AIDPBXOI5001"
"f2272ecc-c88c-45e4-a562-83c54eec66ba","AID0NUOI5001"
"f2272ecc-c88c-45e4-a562-83c54eec66ba","AID5AWOI5001"
"f2272ecc-c88c-45e4-a562-83c54eec66ba","AIDK7IU34001"
"f2272ecc-c88c-45e4-a562-83c54eec66ba","AIDB7CK45001"
"f2272ecc-c88c-45e4-a562-83c54eec66ba","AID2BUOI5001"
"f2272ecc-c88c-45e4-a562-83c54eec66ba","AID3CVOI5001"
"f2272ecc-c88c-45e4-a562-83c54eec66ba","AID6WVOI5001"
"f2272ecc-c88c-45e4-a562-83c54eec66ba","AIDY7LW34001"
"f2272ecc-c88c-45e4-a562-83c54eec66ba","AIDMBTOI5001"
"f2272ecc-c88c-45e4-a562-83c54eec66ba","AIDDLWOI5001"
"f2272ecc-c88c-45e4-a562-83c54eec66ba","AIDQ8VOI5001"
"f2272ecc-c88c-45e4-a562-83c54eec66ba","AID02VOI5001"
"f2272ecc-c88c-45e4-a562-83c54eec66ba","AIDMXBK45001"
"f2272ecc-c88c-45e4-a562-83c54eec66ba","AID91YOI5001"
"f2272ecc-c88c-45e4-a562-83c54eec66ba","AID4EXOI5001"
"f2272ecc-c88c-45e4-a562-83c54eec66ba","AIDAJUOI5001"
"f2272ecc-c88c-45e4-a562-83c54eec66ba","AIDP3XOI5001"
"f2272ecc-c88c-45e4-a562-83c54eec66ba","AIDP04444001"
"f2272ecc-c88c-45e4-a562-83c54eec66ba","AID04XY34001"
"f2272ecc-c88c-45e4-a562-83c54eec66ba","AIDNNCK45001"
"f2272ecc-c88c-45e4-a562-83c54eec66ba","AIDVUSOI5001"
"f2272ecc-c88c-45e4-a562-83c54eec66ba","AIDKSWOI5001"
"f2272ecc-c88c-45e4-a562-83c54eec66ba","AID0KWOI5001"
"f2272ecc-c88c-45e4-a562-83c54eec66ba","AIDSZTOI5001"
"f2272ecc-c88c-45e4-a562-83c54eec66ba","AIDUYVOI5001"
"f2272ecc-c88c-45e4-a562-83c54eec66ba","AIDEUCK45001"
"f2272ecc-c88c-45e4-a562-83c54eec66ba","AID64VOI5001"
"f2272ecc-c88c-45e4-a562-83c54eec66ba","AIDV4IU34001"
"f2272ecc-c88c-45e4-a562-83c54eec66ba","AID6YOYM4001"
"f2272ecc-c88c-45e4-a562-83c54eec66ba","AIDNAXOI5001"
"f2272ecc-c88c-45e4-a562-83c54eec66ba","AIDXNCK45001"
"f2272ecc-c88c-45e4-a562-83c54eec66ba","AIDVQTO34001"
"f2272ecc-c88c-45e4-a562-83c54eec66ba","AIDA84444001"
"f2272ecc-c88c-45e4-a562-83c54eec66ba","AIDNLUOI5001"
"f2272ecc-c88c-45e4-a562-83c54eec66ba","AIDDKQ9Z3001"
"f2272ecc-c88c-45e4-a562-83c54eec66ba","AID7EBX34001"
"f2272ecc-c88c-45e4-a562-83c54eec66ba","AIDGNCK45001"
"f2272ecc-c88c-45e4-a562-83c54eec66ba","AIDM8XOI5001"
"f2272ecc-c88c-45e4-a562-83c54eec66ba","AIDB8IU34001"
"f2272ecc-c88c-45e4-a562-83c54eec66ba","AIDA7WOI5001"
"f2272ecc-c88c-45e4-a562-83c54eec66ba","AIDZ0XOI5001"
"f2272ecc-c88c-45e4-a562-83c54eec66ba","AIDPQCK45001"
"f2272ecc-c88c-45e4-a562-83c54eec66ba","AIDSNTOI5001"
"f2272ecc-c88c-45e4-a562-83c54eec66ba","AID10XY34001"
"f2272ecc-c88c-45e4-a562-83c54eec66ba","AID7AWOI5001"
"f2272ecc-c88c-45e4-a562-83c54eec66ba","AIDYCXOI5001"
"f2272ecc-c88c-45e4-a562-83c54eec66ba","AIDV7CK45001"
"f2272ecc-c88c-45e4-a562-83c54eec66ba","AID1QCK45001"
"f2272ecc-c88c-45e4-a562-83c54eec66ba","AIDSYM444001"
"f2272ecc-c88c-45e4-a562-83c54eec66ba","AID1NUYJ5001"
"f2272ecc-c88c-45e4-a562-83c54eec66ba","AIDF4VOI5001"
"f2272ecc-c88c-45e4-a562-83c54eec66ba","AIDFIBG64001"
"f2272ecc-c88c-45e4-a562-83c54eec66ba","AIDEEM344001"
"f2272ecc-c88c-45e4-a562-83c54eec66ba","AID8BM344001"
"f2272ecc-c88c-45e4-a562-83c54eec66ba","AIDPDPT34001"
"f2272ecc-c88c-45e4-a562-83c54eec66ba","AID9OWOI5001"
"f2272ecc-c88c-45e4-a562-83c54eec66ba","AIDVVWOI5001"
"f2272ecc-c88c-45e4-a562-83c54eec66ba","AID8RWOI5001"
"f2272ecc-c88c-45e4-a562-83c54eec66ba","AID0JVOI5001"
"f2272ecc-c88c-45e4-a562-83c54eec66ba","AIDNAPT34001"
"f2272ecc-c88c-45e4-a562-83c54eec66ba","AID1HUYJ5001"
"f2272ecc-c88c-45e4-a562-83c54eec66ba","AIDONWOI5001"
"f2272ecc-c88c-45e4-a562-83c54eec66ba","AIDQOCK45001"
"f2272ecc-c88c-45e4-a562-83c54eec66ba","AIDKECK45001"
"f2272ecc-c88c-45e4-a562-83c54eec66ba","AIDLSCK45001"
"f2272ecc-c88c-45e4-a562-83c54eec66ba","AIDMFJP64001"
"f2272ecc-c88c-45e4-a562-83c54eec66ba","AIDSVBK45001"
"f2272ecc-c88c-45e4-a562-83c54eec66ba","AIDKPC8H6001"
"f2272ecc-c88c-45e4-a562-83c54eec66ba","AIDNMTOI5001"
"f2272ecc-c88c-45e4-a562-83c54eec66ba","AIDL4CK45001"
"f2272ecc-c88c-45e4-a562-83c54eec66ba","AIDLBM344001"
"f2272ecc-c88c-45e4-a562-83c54eec66ba","AIDW4ZP64001"
"f2272ecc-c88c-45e4-a562-83c54eec66ba","AIDXLUYJ5001"
"f2272ecc-c88c-45e4-a562-83c54eec66ba","AIDEQTO34001"
"f2272ecc-c88c-45e4-a562-83c54eec66ba","AIDCNWOI5001"
"f2272ecc-c88c-45e4-a562-83c54eec66ba","AID5H3V34001"
"f2272ecc-c88c-45e4-a562-83c54eec66ba","AIDBRCK45001"
"f2272ecc-c88c-45e4-a562-83c54eec66ba","AIDEKXOI5001"
"f2272ecc-c88c-45e4-a562-83c54eec66ba","AIDOWCK45001"
"f2272ecc-c88c-45e4-a562-83c54eec66ba","AIDSCP544001"
"f2272ecc-c88c-45e4-a562-83c54eec66ba","AIDOTVOI5001"
"f2272ecc-c88c-45e4-a562-83c54eec66ba","AIDSBUN34001"
"f2272ecc-c88c-45e4-a562-83c54eec66ba","AIDIVCK45001"
"f2272ecc-c88c-45e4-a562-83c54eec66ba","AID544444001"
"f2272ecc-c88c-45e4-a562-83c54eec66ba","AID9NUOI5001"
"f2272ecc-c88c-45e4-a562-83c54eec66ba","AID5MV144001"
"f2272ecc-c88c-45e4-a562-83c54eec66ba","AIDU5XOI5001"
"f2272ecc-c88c-45e4-a562-83c54eec66ba","AID4NTOI5001"
"f2272ecc-c88c-45e4-a562-83c54eec66ba","AIDTSUOI5001"
"f2272ecc-c88c-45e4-a562-83c54eec66ba","AID8FV144001"
"f2272ecc-c88c-45e4-a562-83c54eec66ba","AIDJSXOI5001"
"f2272ecc-c88c-45e4-a562-83c54eec66ba","AID9Z7244001"
"f2272ecc-c88c-45e4-a562-83c54eec66ba","AIDVAM344001"
"f2272ecc-c88c-45e4-a562-83c54eec66ba","AID6DUOI5001"
"f2272ecc-c88c-45e4-a562-83c54eec66ba","AID81HQA1001"
"f2272ecc-c88c-45e4-a562-83c54eec66ba","AIDF4K044001"
"f2272ecc-c88c-45e4-a562-83c54eec66ba","AIDBRVOI5001"
"f2272ecc-c88c-45e4-a562-83c54eec66ba","AIDSF3V34001"
"f2272ecc-c88c-45e4-a562-83c54eec66ba","AIDDMUOI5001"
"f2272ecc-c88c-45e4-a562-83c54eec66ba","AID5HWOI5001"
"f2272ecc-c88c-45e4-a562-83c54eec66ba","AID3WBK45001"
"f2272ecc-c88c-45e4-a562-83c54eec66ba","AIDJUVOI5001"
"f2272ecc-c88c-45e4-a562-83c54eec66ba","AIDTXWOI5001"
"f2272ecc-c88c-45e4-a562-83c54eec66ba","AID1JV144001"
"f2272ecc-c88c-45e4-a562-83c54eec66ba","AIDDKTOI5001"
"f2272ecc-c88c-45e4-a562-83c54eec66ba","AID0LUOI5001"
"f2272ecc-c88c-45e4-a562-83c54eec66ba","AIDRXTOI5001"
"f2272ecc-c88c-45e4-a562-83c54eec66ba","AIDVMXOI5001"
"f2272ecc-c88c-45e4-a562-83c54eec66ba","AIDOICK45001"
"f2272ecc-c88c-45e4-a562-83c54eec66ba","AIDUCPT34001"
"f2272ecc-c88c-45e4-a562-83c54eec66ba","AID54MS34001"
"f2272ecc-c88c-45e4-a562-83c54eec66ba","AIDKOUOI5001"
"f2272ecc-c88c-45e4-a562-83c54eec66ba","AIDX6UN34001"
"f2272ecc-c88c-45e4-a562-83c54eec66ba","AIDX1UOI5001"
"f2272ecc-c88c-45e4-a562-83c54eec66ba","AIDQPCK45001"
"f2272ecc-c88c-45e4-a562-83c54eec66ba","AIDHYWOI5001"
"f2272ecc-c88c-45e4-a562-83c54eec66ba","AIDOHCK45001"
"f2272ecc-c88c-45e4-a562-83c54eec66ba","AID5RE244001"
"f2272ecc-c88c-45e4-a562-83c54eec66ba","AID334444001"
"f2272ecc-c88c-45e4-a562-83c54eec66ba","AIDUNVOI5001"
"f2272ecc-c88c-45e4-a562-83c54eec66ba","AID5FUOI5001"
"f2272ecc-c88c-45e4-a562-83c54eec66ba","AIDEE32L5001"
"f2272ecc-c88c-45e4-a562-83c54eec66ba","AIDW0WOI5001"
"f2272ecc-c88c-45e4-a562-83c54eec66ba","AIDCQXOI5001"
"f2272ecc-c88c-45e4-a562-83c54eec66ba","AIDMSWOI5001"
"f2272ecc-c88c-45e4-a562-83c54eec66ba","AID6TCK45001"
"f2272ecc-c88c-45e4-a562-83c54eec66ba","AIDUDMS34001"
"f2272ecc-c88c-45e4-a562-83c54eec66ba","AIDZ0WOI5001"
"f2272ecc-c88c-45e4-a562-83c54eec66ba","AIDNN2Z34001"
"f2272ecc-c88c-45e4-a562-83c54eec66ba","AID3PCK45001"
"f2272ecc-c88c-45e4-a562-83c54eec66ba","AID4IXOI5001"
"f2272ecc-c88c-45e4-a562-83c54eec66ba","AIDO9XQ34001"
"f2272ecc-c88c-45e4-a562-83c54eec66ba","AIDN4CK45001"
"f2272ecc-c88c-45e4-a562-83c54eec66ba","AIDGNZM34001"
"f2272ecc-c88c-45e4-a562-83c54eec66ba","AIDHRUOI5001"
"f2272ecc-c88c-45e4-a562-83c54eec66ba","AIDFPVOI5001"
"f2272ecc-c88c-45e4-a562-83c54eec66ba","AIDILV144001"
"f2272ecc-c88c-45e4-a562-83c54eec66ba","AIDCNTO34001"
"f2272ecc-c88c-45e4-a562-83c54eec66ba","AIDPNWOI5001"
"f2272ecc-c88c-45e4-a562-83c54eec66ba","AIDIBVOI5001"
"f2272ecc-c88c-45e4-a562-83c54eec66ba","AID5DTOI5001"
"f2272ecc-c88c-45e4-a562-83c54eec66ba","AIDQRVOI5001"
"f2272ecc-c88c-45e4-a562-83c54eec66ba","AID362S34001"
"f2272ecc-c88c-45e4-a562-83c54eec66ba","AIDN3XOI5001"
"f2272ecc-c88c-45e4-a562-83c54eec66ba","AIDXQCK45001"
"f2272ecc-c88c-45e4-a562-83c54eec66ba","AIDT8UOI5001"
"f2272ecc-c88c-45e4-a562-83c54eec66ba","AIDI4CK45001"
"f2272ecc-c88c-45e4-a562-83c54eec66ba","AIDQ6UOI5001"
"f2272ecc-c88c-45e4-a562-83c54eec66ba","AIDZP2Z34001"
"f2272ecc-c88c-45e4-a562-83c54eec66ba","AIDXAXQ34001"
"f2272ecc-c88c-45e4-a562-83c54eec66ba","AIDE0UYJ5001"
"f2272ecc-c88c-45e4-a562-83c54eec66ba","AID89RYJ5001"
"f2272ecc-c88c-45e4-a562-83c54eec66ba","AID3FWOI5001"
"f2272ecc-c88c-45e4-a562-83c54eec66ba","AIDBPWOI5001"
"f2272ecc-c88c-45e4-a562-83c54eec66ba","AID8ZOYM4001"
"f2272ecc-c88c-45e4-a562-83c54eec66ba","AID21VXE4001"
"f2272ecc-c88c-45e4-a562-83c54eec66ba","AIDTGXOI5001"
"f2272ecc-c88c-45e4-a562-83c54eec66ba","AID0XM444001"
"f2272ecc-c88c-45e4-a562-83c54eec66ba","AIDGYUYJ5001"
"f2272ecc-c88c-45e4-a562-83c54eec66ba","AIDU3XY34001"
"f2272ecc-c88c-45e4-a562-83c54eec66ba","AIDJ4CK45001"
"f2272ecc-c88c-45e4-a562-83c54eec66ba","AID65UOI5001"
"f2272ecc-c88c-45e4-a562-83c54eec66ba","AIDP8IU34001"
"f2272ecc-c88c-45e4-a562-83c54eec66ba","AIDLEPT34001"
"f2272ecc-c88c-45e4-a562-83c54eec66ba","AIDVDUV34001"
"f2272ecc-c88c-45e4-a562-83c54eec66ba","AIDMWJ044001"
"f2272ecc-c88c-45e4-a562-83c54eec66ba","AIDCBUZM4001"
"f2272ecc-c88c-45e4-a562-83c54eec66ba","AIDFQVOI5001"
"f2272ecc-c88c-45e4-a562-83c54eec66ba","AIDJYTOI5001"
"f2272ecc-c88c-45e4-a562-83c54eec66ba","AIDF1WOI5001"
"f2272ecc-c88c-45e4-a562-83c54eec66ba","AID77WOI5001"
"f2272ecc-c88c-45e4-a562-83c54eec66ba","AIDW4IU34001"
"f2272ecc-c88c-45e4-a562-83c54eec66ba","AID352S34001"
"f2272ecc-c88c-45e4-a562-83c54eec66ba","AID1842L5001"
"f2272ecc-c88c-45e4-a562-83c54eec66ba","AIDPXVOI5001"
"f2272ecc-c88c-45e4-a562-83c54eec66ba","AIDV4CK45001"
"f2272ecc-c88c-45e4-a562-83c54eec66ba","AID1WBK45001"
"f2272ecc-c88c-45e4-a562-83c54eec66ba","AIDMPCK45001"
"f2272ecc-c88c-45e4-a562-83c54eec66ba","AIDCUY2O4001"
"f2272ecc-c88c-45e4-a562-83c54eec66ba","AIDCTTOI5001"
"f2272ecc-c88c-45e4-a562-83c54eec66ba","AIDGUCK45001"
"f2272ecc-c88c-45e4-a562-83c54eec66ba","AIDD0IU34001"
"f2272ecc-c88c-45e4-a562-83c54eec66ba","AIDOUUOI5001"
"f2272ecc-c88c-45e4-a562-83c54eec66ba","AID8ECK45001"
"f2272ecc-c88c-45e4-a562-83c54eec66ba","AIDL1LW34001"
"f2272ecc-c88c-45e4-a562-83c54eec66ba","AIDOFCK45001"
"f2272ecc-c88c-45e4-a562-83c54eec66ba","AIDH2PYM4001"
"f2272ecc-c88c-45e4-a562-83c54eec66ba","AIDJHRPU5001"
"f2272ecc-c88c-45e4-a562-83c54eec66ba","AIDUCPP34001"
"f2272ecc-c88c-45e4-a562-83c54eec66ba","AID19IU34001"
"f2272ecc-c88c-45e4-a562-83c54eec66ba","AIDMFV144001"
"f2272ecc-c88c-45e4-a562-83c54eec66ba","AIDHRCK45001"
"f2272ecc-c88c-45e4-a562-83c54eec66ba","AIDJRCK45001"
"f2272ecc-c88c-45e4-a562-83c54eec66ba","AID88IL64001"
"f2272ecc-c88c-45e4-a562-83c54eec66ba","AIDXMXOI5001"
"f2272ecc-c88c-45e4-a562-83c54eec66ba","AID9NXOI5001"
"f2272ecc-c88c-45e4-a562-83c54eec66ba","AIDKAUN34001"
"f2272ecc-c88c-45e4-a562-83c54eec66ba","AIDB13044001"
"f2272ecc-c88c-45e4-a562-83c54eec66ba","AIDVCPP34001"
"f2272ecc-c88c-45e4-a562-83c54eec66ba","AIDTLVOI5001"
"f2272ecc-c88c-45e4-a562-83c54eec66ba","AIDH3LW34001"
"f2272ecc-c88c-45e4-a562-83c54eec66ba","AID974444001"
"f2272ecc-c88c-45e4-a562-83c54eec66ba","AIDJEMS34001"
"f2272ecc-c88c-45e4-a562-83c54eec66ba","AID3FMS34001"
"f2272ecc-c88c-45e4-a562-83c54eec66ba","AID7ZI044001"
"f2272ecc-c88c-45e4-a562-83c54eec66ba","AIDA5WOI5001"
"f2272ecc-c88c-45e4-a562-83c54eec66ba","AID7F3V34001"
"f2272ecc-c88c-45e4-a562-83c54eec66ba","AIDRFBX34001"
"f2272ecc-c88c-45e4-a562-83c54eec66ba","AID57TOI5001"
"f2272ecc-c88c-45e4-a562-83c54eec66ba","AID184444001"
"f2272ecc-c88c-45e4-a562-83c54eec66ba","AID0IVOI5001"
"f2272ecc-c88c-45e4-a562-83c54eec66ba","AID7CM344001"
"f2272ecc-c88c-45e4-a562-83c54eec66ba","AIDTO2Z34001"
"f2272ecc-c88c-45e4-a562-83c54eec66ba","AIDJHV144001"
"f2272ecc-c88c-45e4-a562-83c54eec66ba","AID54LW34001"
"f2272ecc-c88c-45e4-a562-83c54eec66ba","AIDALTOI5001"
"f2272ecc-c88c-45e4-a562-83c54eec66ba","AID0M42L5001"
"f2272ecc-c88c-45e4-a562-83c54eec66ba","AIDKWCK45001"
"f2272ecc-c88c-45e4-a562-83c54eec66ba","AID1NWOI5001"
"f2272ecc-c88c-45e4-a562-83c54eec66ba","AID32CK45001"
"f2272ecc-c88c-45e4-a562-83c54eec66ba","AIDM2IU34001"
"f2272ecc-c88c-45e4-a562-83c54eec66ba","AIDQJC8H6001"
"f2272ecc-c88c-45e4-a562-83c54eec66ba","AIDF24444001"
"f2272ecc-c88c-45e4-a562-83c54eec66ba","AIDW781A1001"
"f2272ecc-c88c-45e4-a562-83c54eec66ba","AIDOQTOI5001"
"f2272ecc-c88c-45e4-a562-83c54eec66ba","AIDIE4044001"
"f2272ecc-c88c-45e4-a562-83c54eec66ba","AIDCRSOI5001"
"f2272ecc-c88c-45e4-a562-83c54eec66ba","AIDH6XOI5001"
"f2272ecc-c88c-45e4-a562-83c54eec66ba","AIDMMUYJ5001"
"f2272ecc-c88c-45e4-a562-83c54eec66ba","AIDHG4044001"
"f2272ecc-c88c-45e4-a562-83c54eec66ba","AID0GUV34001"
"f2272ecc-c88c-45e4-a562-83c54eec66ba","AID3UE244001"
"f2272ecc-c88c-45e4-a562-83c54eec66ba","AID14LW34001"
"f2272ecc-c88c-45e4-a562-83c54eec66ba","AIDJ1WOI5001"
"f2272ecc-c88c-45e4-a562-83c54eec66ba","AID43CK45001"
"f2272ecc-c88c-45e4-a562-83c54eec66ba","AID9CWOI5001"
"f2272ecc-c88c-45e4-a562-83c54eec66ba","AIDIXE244001"
"f2272ecc-c88c-45e4-a562-83c54eec66ba","AIDM7CK45001"
"f2272ecc-c88c-45e4-a562-83c54eec66ba","AIDHQUOI5001"
"f2272ecc-c88c-45e4-a562-83c54eec66ba","AIDDFUV34001"
"f2272ecc-c88c-45e4-a562-83c54eec66ba","AID83YOI5001"
"f2272ecc-c88c-45e4-a562-83c54eec66ba","AID63YOI5001"
"f2272ecc-c88c-45e4-a562-83c54eec66ba","AID1FV144001"
"f2272ecc-c88c-45e4-a562-83c54eec66ba","AID1GV144001"
"f2272ecc-c88c-45e4-a562-83c54eec66ba","AIDMFMS34001"
"f2272ecc-c88c-45e4-a562-83c54eec66ba","AIDX2CK45001"
"f2272ecc-c88c-45e4-a562-83c54eec66ba","AIDNGP544001"
"f2272ecc-c88c-45e4-a562-83c54eec66ba","AID9ZTOI5001"
"f2272ecc-c88c-45e4-a562-83c54eec66ba","AIDWBXQ34001"
"f2272ecc-c88c-45e4-a562-83c54eec66ba","AIDCPCK45001"
"f2272ecc-c88c-45e4-a562-83c54eec66ba","AID7VUYJ5001"
"f2272ecc-c88c-45e4-a562-83c54eec66ba","AID07XOI5001"
"f2272ecc-c88c-45e4-a562-83c54eec66ba","AIDUFXOI5001"
"f2272ecc-c88c-45e4-a562-83c54eec66ba","AIDRHM344001"
"f2272ecc-c88c-45e4-a562-83c54eec66ba","AIDQ9XQ34001"
"f2272ecc-c88c-45e4-a562-83c54eec66ba","AIDYYAZ04001"
"f2272ecc-c88c-45e4-a562-83c54eec66ba","AIDCKZUI1001"
"f2272ecc-c88c-45e4-a562-83c54eec66ba","AIDV5XOI5001"
"f2272ecc-c88c-45e4-a562-83c54eec66ba","AIDCSCK45001"
"f2272ecc-c88c-45e4-a562-83c54eec66ba","AID0CP544001"
"f2272ecc-c88c-45e4-a562-83c54eec66ba","AIDQB32L5001"
"f2272ecc-c88c-45e4-a562-83c54eec66ba","AIDW5LW34001"
"f2272ecc-c88c-45e4-a562-83c54eec66ba","AIDSIWOI5001"
"f2272ecc-c88c-45e4-a562-83c54eec66ba","AID9ZBK45001"
"f2272ecc-c88c-45e4-a562-83c54eec66ba","AIDOEMS34001"
"f2272ecc-c88c-45e4-a562-83c54eec66ba","AID0ACK45001"
"f2272ecc-c88c-45e4-a562-83c54eec66ba","AIDODTOI5001"
"f2272ecc-c88c-45e4-a562-83c54eec66ba","AIDQCM344001"
"f2272ecc-c88c-45e4-a562-83c54eec66ba","AIDEKUV34001"
"f2272ecc-c88c-45e4-a562-83c54eec66ba","AID9UCK45001"
"f2272ecc-c88c-45e4-a562-83c54eec66ba","AID0LTO34001"
"f2272ecc-c88c-45e4-a562-83c54eec66ba","AIDVOCK45001"
"f2272ecc-c88c-45e4-a562-83c54eec66ba","AIDNRC8H6001"
"f2272ecc-c88c-45e4-a562-83c54eec66ba","AIDSUTOI5001"
"f2272ecc-c88c-45e4-a562-83c54eec66ba","AIDY34444001"
"f2272ecc-c88c-45e4-a562-83c54eec66ba","AID6TE244001"
"f2272ecc-c88c-45e4-a562-83c54eec66ba","AID94IU34001"
"f2272ecc-c88c-45e4-a562-83c54eec66ba","AIDLQCBO6001"
"f2272ecc-c88c-45e4-a562-83c54eec66ba","AIDK8IU34001"
"f2272ecc-c88c-45e4-a562-83c54eec66ba","AIDL32S34001"
"f2272ecc-c88c-45e4-a562-83c54eec66ba","AID2NWOI5001"
"f2272ecc-c88c-45e4-a562-83c54eec66ba","AID1ZUOI5001"
"f2272ecc-c88c-45e4-a562-83c54eec66ba","AID7GUOI5001"
"f2272ecc-c88c-45e4-a562-83c54eec66ba","AID51YOI5001"
"f2272ecc-c88c-45e4-a562-83c54eec66ba","AIDUWVOI5001"
"f2272ecc-c88c-45e4-a562-83c54eec66ba","AID64IU34001"
"f2272ecc-c88c-45e4-a562-83c54eec66ba","AIDX4LW34001"
"f2272ecc-c88c-45e4-a562-83c54eec66ba","AIDW8UZM4001"
"f2272ecc-c88c-45e4-a562-83c54eec66ba","AIDE3CK45001"
"f2272ecc-c88c-45e4-a562-83c54eec66ba","AID12YOI5001"
"f2272ecc-c88c-45e4-a562-83c54eec66ba","AIDY62S34001"
"f2272ecc-c88c-45e4-a562-83c54eec66ba","AIDU5WOI5001"
"f2272ecc-c88c-45e4-a562-83c54eec66ba","AIDX1HQA1001"
"f2272ecc-c88c-45e4-a562-83c54eec66ba","AIDL5IU34001"
"f2272ecc-c88c-45e4-a562-83c54eec66ba","AIDLU12L5001"
"f2272ecc-c88c-45e4-a562-83c54eec66ba","AIDG9WOI5001"
"f2272ecc-c88c-45e4-a562-83c54eec66ba","AIDKGPP34001"
"f2272ecc-c88c-45e4-a562-83c54eec66ba","AIDXCWOI5001"
"f2272ecc-c88c-45e4-a562-83c54eec66ba","AIDILVOI5001"
"f2272ecc-c88c-45e4-a562-83c54eec66ba","AID8JWOI5001"
"f2272ecc-c88c-45e4-a562-83c54eec66ba","AID5VXOI5001"
"f2272ecc-c88c-45e4-a562-83c54eec66ba","AID2BPT34001"
"f2272ecc-c88c-45e4-a562-83c54eec66ba","AIDELWOI5001"
"f2272ecc-c88c-45e4-a562-83c54eec66ba","AIDGQC8H6001"
"f2272ecc-c88c-45e4-a562-83c54eec66ba","AIDSRWOI5001"
"f2272ecc-c88c-45e4-a562-83c54eec66ba","AIDS2CK45001"
"f2272ecc-c88c-45e4-a562-83c54eec66ba","AIDZNCK45001"
"f2272ecc-c88c-45e4-a562-83c54eec66ba","AIDZT87Z3001"
"f2272ecc-c88c-45e4-a562-83c54eec66ba","AIDTG4044001"
"f2272ecc-c88c-45e4-a562-83c54eec66ba","AIDD4IU34001"
"f2272ecc-c88c-45e4-a562-83c54eec66ba","AID2ABX34001"
"f2272ecc-c88c-45e4-a562-83c54eec66ba","AIDC5PYM4001"
"f2272ecc-c88c-45e4-a562-83c54eec66ba","AIDWQTOI5001"
"f2272ecc-c88c-45e4-a562-83c54eec66ba","AIDA7LW34001"
"f2272ecc-c88c-45e4-a562-83c54eec66ba","AIDQ1XOI5001"
"f2272ecc-c88c-45e4-a562-83c54eec66ba","AID7S2Z34001"
"f2272ecc-c88c-45e4-a562-83c54eec66ba","AIDC2LW34001"
"f2272ecc-c88c-45e4-a562-83c54eec66ba","AIDQXBK45001"
"f2272ecc-c88c-45e4-a562-83c54eec66ba","AIDS4VOI5001"
"f2272ecc-c88c-45e4-a562-83c54eec66ba","AIDHPCK45001"
"f2272ecc-c88c-45e4-a562-83c54eec66ba","AIDBBRPU5001"
"f2272ecc-c88c-45e4-a562-83c54eec66ba","AID0FVOI5001"
"f2272ecc-c88c-45e4-a562-83c54eec66ba","AIDTTXOI5001"
"f2272ecc-c88c-45e4-a562-83c54eec66ba","AIDMTM444001"
"f2272ecc-c88c-45e4-a562-83c54eec66ba","AIDIF3V34001"
"f2272ecc-c88c-45e4-a562-83c54eec66ba","AIDQIVOI5001"
"f2272ecc-c88c-45e4-a562-83c54eec66ba","AIDC3IU34001"
"f2272ecc-c88c-45e4-a562-83c54eec66ba","AIDH9CK45001"
"f2272ecc-c88c-45e4-a562-83c54eec66ba","AID29IU34001"
"f2272ecc-c88c-45e4-a562-83c54eec66ba","AIDM0K044001"
"f2272ecc-c88c-45e4-a562-83c54eec66ba","AID8DUOI5001"
"f2272ecc-c88c-45e4-a562-83c54eec66ba","AID6AXQ34001"
"f2272ecc-c88c-45e4-a562-83c54eec66ba","AIDITM444001"
"f2272ecc-c88c-45e4-a562-83c54eec66ba","AIDBCCK45001"
"f2272ecc-c88c-45e4-a562-83c54eec66ba","AIDRAUZM4001"
"f2272ecc-c88c-45e4-a562-83c54eec66ba","AIDR62S34001"
"f2272ecc-c88c-45e4-a562-83c54eec66ba","AID28MS34001"
"f2272ecc-c88c-45e4-a562-83c54eec66ba","AIDTGUV34001"
"f2272ecc-c88c-45e4-a562-83c54eec66ba","AIDNRCK45001"
"f2272ecc-c88c-45e4-a562-83c54eec66ba","AID6EM344001"
"f2272ecc-c88c-45e4-a562-83c54eec66ba","AID7EMS34001"
"f2272ecc-c88c-45e4-a562-83c54eec66ba","AID84XY34001"
"f2272ecc-c88c-45e4-a562-83c54eec66ba","AIDA0XOI5001"
"f2272ecc-c88c-45e4-a562-83c54eec66ba","AIDM4WOI5001"
"f2272ecc-c88c-45e4-a562-83c54eec66ba","AIDREUOI5001"
"f2272ecc-c88c-45e4-a562-83c54eec66ba","AID19M344001"
"f2272ecc-c88c-45e4-a562-83c54eec66ba","AIDJ6IU34001"
"f2272ecc-c88c-45e4-a562-83c54eec66ba","AIDM4CK45001"
"f2272ecc-c88c-45e4-a562-83c54eec66ba","AID9DVOI5001"
"f2272ecc-c88c-45e4-a562-83c54eec66ba","AID5JCK45001"
"f2272ecc-c88c-45e4-a562-83c54eec66ba","AIDUHUOI5001"
"f2272ecc-c88c-45e4-a562-83c54eec66ba","AID3IXOI5001"
"f2272ecc-c88c-45e4-a562-83c54eec66ba","AIDK2YOI5001"
"f2272ecc-c88c-45e4-a562-83c54eec66ba","AIDRUWOI5001"
"f2272ecc-c88c-45e4-a562-83c54eec66ba","AIDZVCK45001"
"f2272ecc-c88c-45e4-a562-83c54eec66ba","AIDFM2CO6001"
"f2272ecc-c88c-45e4-a562-83c54eec66ba","AID8NWOI5001"
"f2272ecc-c88c-45e4-a562-83c54eec66ba","AIDHE4044001"
"f2272ecc-c88c-45e4-a562-83c54eec66ba","AIDDKUV34001"
"f2272ecc-c88c-45e4-a562-83c54eec66ba","AIDD4K044001"
"f2272ecc-c88c-45e4-a562-83c54eec66ba","AIDYGABO6001"
"f2272ecc-c88c-45e4-a562-83c54eec66ba","AID2UY2O4001"
"f2272ecc-c88c-45e4-a562-83c54eec66ba","AIDYCMS34001"
"f2272ecc-c88c-45e4-a562-83c54eec66ba","AIDL0LW34001"
"f2272ecc-c88c-45e4-a562-83c54eec66ba","AID1XBK45001"
"f2272ecc-c88c-45e4-a562-83c54eec66ba","AIDBUY2O4001"
"f2272ecc-c88c-45e4-a562-83c54eec66ba","AIDHBPT34001"
"f2272ecc-c88c-45e4-a562-83c54eec66ba","AIDC0YOI5001"
"f2272ecc-c88c-45e4-a562-83c54eec66ba","AIDNDMS34001"
"f2272ecc-c88c-45e4-a562-83c54eec66ba","AIDWYVOI5001"
"f2272ecc-c88c-45e4-a562-83c54eec66ba","AID10C8H6001"
"f2272ecc-c88c-45e4-a562-83c54eec66ba","AIDGGTOI5001"
"f2272ecc-c88c-45e4-a562-83c54eec66ba","AID2EXOI5001"
"f2272ecc-c88c-45e4-a562-83c54eec66ba","AID954444001"
"f2272ecc-c88c-45e4-a562-83c54eec66ba","AIDRFC8H6001"
"f2272ecc-c88c-45e4-a562-83c54eec66ba","AIDKQCK45001"
"f2272ecc-c88c-45e4-a562-83c54eec66ba","AIDNJXOI5001"
"f2272ecc-c88c-45e4-a562-83c54eec66ba","AIDDSUOI5001"
"f2272ecc-c88c-45e4-a562-83c54eec66ba","AIDNG3V34001"
"f2272ecc-c88c-45e4-a562-83c54eec66ba","AIDLOCK45001"
"f2272ecc-c88c-45e4-a562-83c54eec66ba","AIDA4XOI5001"
"f2272ecc-c88c-45e4-a562-83c54eec66ba","AIDHBUOI5001"
"f2272ecc-c88c-45e4-a562-83c54eec66ba","AIDCOVOI5001"
"f2272ecc-c88c-45e4-a562-83c54eec66ba","AIDMRCK45001"
"f2272ecc-c88c-45e4-a562-83c54eec66ba","AID8CM344001"
"f2272ecc-c88c-45e4-a562-83c54eec66ba","AIDNABX34001"
"f2272ecc-c88c-45e4-a562-83c54eec66ba","AIDT2LW34001"
"f2272ecc-c88c-45e4-a562-83c54eec66ba","AIDMIBX34001"
"f2272ecc-c88c-45e4-a562-83c54eec66ba","AIDH5TOI5001"
"f2272ecc-c88c-45e4-a562-83c54eec66ba","AIDSKUOI5001"
"f2272ecc-c88c-45e4-a562-83c54eec66ba","AIDYR2Z34001"
"f2272ecc-c88c-45e4-a562-83c54eec66ba","AID3TOI34001"
"f2272ecc-c88c-45e4-a562-83c54eec66ba","AIDLGM344001"
"f2272ecc-c88c-45e4-a562-83c54eec66ba","AID2KVOI5001"
"f2272ecc-c88c-45e4-a562-83c54eec66ba","AID7I3V34001"
"f2272ecc-c88c-45e4-a562-83c54eec66ba","AID5CTOI5001"
"f2272ecc-c88c-45e4-a562-83c54eec66ba","AIDCCWOI5001"
"f2272ecc-c88c-45e4-a562-83c54eec66ba","AIDI6HWN4001"
"f2272ecc-c88c-45e4-a562-83c54eec66ba","AIDUAPP34001"
"f2272ecc-c88c-45e4-a562-83c54eec66ba","AIDQKVOI5001"
"f2272ecc-c88c-45e4-a562-83c54eec66ba","AIDJTXOI5001"
"f2272ecc-c88c-45e4-a562-83c54eec66ba","AIDNJUYJ5001"
"f2272ecc-c88c-45e4-a562-83c54eec66ba","AIDW2CK45001"
"f2272ecc-c88c-45e4-a562-83c54eec66ba","AIDBXBK45001"
"f2272ecc-c88c-45e4-a562-83c54eec66ba","AID78UOI5001"
"f2272ecc-c88c-45e4-a562-83c54eec66ba","AIDW732L5001"
"f2272ecc-c88c-45e4-a562-83c54eec66ba","AID9STOI5001"
"f2272ecc-c88c-45e4-a562-83c54eec66ba","AIDI3K044001"
"f2272ecc-c88c-45e4-a562-83c54eec66ba","AIDB64444001"
"f2272ecc-c88c-45e4-a562-83c54eec66ba","AIDNXWOI5001"
"f2272ecc-c88c-45e4-a562-83c54eec66ba","AIDM3ROI5001"
"f2272ecc-c88c-45e4-a562-83c54eec66ba","AID7SSOI5001"
"f2272ecc-c88c-45e4-a562-83c54eec66ba","AID23IU34001"
"f2272ecc-c88c-45e4-a562-83c54eec66ba","AIDO4K044001"
"f2272ecc-c88c-45e4-a562-83c54eec66ba","AID6ZTOI5001"
"f2272ecc-c88c-45e4-a562-83c54eec66ba","AIDWQCK45001"
"f2272ecc-c88c-45e4-a562-83c54eec66ba","AID7BPT34001"
"f2272ecc-c88c-45e4-a562-83c54eec66ba","AIDGVE244001"
"f2272ecc-c88c-45e4-a562-83c54eec66ba","AIDV82S34001"
"f2272ecc-c88c-45e4-a562-83c54eec66ba","AIDN2XOI5001"
"f2272ecc-c88c-45e4-a562-83c54eec66ba","AIDNRUOI5001"
"f2272ecc-c88c-45e4-a562-83c54eec66ba","AIDWMXOI5001"
"f2272ecc-c88c-45e4-a562-83c54eec66ba","AIDBYT5Z3001"
"f2272ecc-c88c-45e4-a562-83c54eec66ba","AIDMHP544001"
"f2272ecc-c88c-45e4-a562-83c54eec66ba","AIDGBTOI5001"
"f2272ecc-c88c-45e4-a562-83c54eec66ba","AIDJ3HWN4001"
"f2272ecc-c88c-45e4-a562-83c54eec66ba","AIDYPTOI5001"
"f2272ecc-c88c-45e4-a562-83c54eec66ba","AIDDMMJ24001"
"f2272ecc-c88c-45e4-a562-83c54eec66ba","AID14WOI5001"
"f2272ecc-c88c-45e4-a562-83c54eec66ba","AIDLAMS34001"
"f2272ecc-c88c-45e4-a562-83c54eec66ba","AIDS3CK45001"
"f2272ecc-c88c-45e4-a562-83c54eec66ba","AIDZ1IU34001"
"f2272ecc-c88c-45e4-a562-83c54eec66ba","AIDAPXOI5001"
"f2272ecc-c88c-45e4-a562-83c54eec66ba","AID34TOI5001"
"f2272ecc-c88c-45e4-a562-83c54eec66ba","AID4NCK45001"
"f2272ecc-c88c-45e4-a562-83c54eec66ba","AIDSGUV34001"
"f2272ecc-c88c-45e4-a562-83c54eec66ba","AIDRARPU5001"
"f2272ecc-c88c-45e4-a562-83c54eec66ba","AIDX1CK45001"
"f2272ecc-c88c-45e4-a562-83c54eec66ba","AIDSQCBO6001"
"f2272ecc-c88c-45e4-a562-83c54eec66ba","AIDUJV144001"
"f2272ecc-c88c-45e4-a562-83c54eec66ba","AIDI2UOI5001"
"f2272ecc-c88c-45e4-a562-83c54eec66ba","AIDIAVOI5001"
"f2272ecc-c88c-45e4-a562-83c54eec66ba","AIDHVE244001"
"f2272ecc-c88c-45e4-a562-83c54eec66ba","AIDNCRP34001"
"f2272ecc-c88c-45e4-a562-83c54eec66ba","AIDBPR5Z3001"
"f2272ecc-c88c-45e4-a562-83c54eec66ba","AID6QCK45001"
"f2272ecc-c88c-45e4-a562-83c54eec66ba","AIDGNSOI5001"
"f2272ecc-c88c-45e4-a562-83c54eec66ba","AIDX6VOI5001"
"f2272ecc-c88c-45e4-a562-83c54eec66ba","AIDV4XY34001"
"f2272ecc-c88c-45e4-a562-83c54eec66ba","AIDUQC8H6001"
"f2272ecc-c88c-45e4-a562-83c54eec66ba","AIDU4IU34001"
"f2272ecc-c88c-45e4-a562-83c54eec66ba","AIDVHWOI5001"
"f2272ecc-c88c-45e4-a562-83c54eec66ba","AID1MTOI5001"
"f2272ecc-c88c-45e4-a562-83c54eec66ba","AIDS3C8H6001"
"f2272ecc-c88c-45e4-a562-83c54eec66ba","AIDUGCK45001"
"f2272ecc-c88c-45e4-a562-83c54eec66ba","AIDH32S34001"
"f2272ecc-c88c-45e4-a562-83c54eec66ba","AID17XOI5001"
"f2272ecc-c88c-45e4-a562-83c54eec66ba","AID5FUYJ5001"
"f2272ecc-c88c-45e4-a562-83c54eec66ba","AID7DMS34001"
"f2272ecc-c88c-45e4-a562-83c54eec66ba","AIDJETOI5001"
"f2272ecc-c88c-45e4-a562-83c54eec66ba","AID9XBK45001"
"f2272ecc-c88c-45e4-a562-83c54eec66ba","AID0GPT34001"
"f2272ecc-c88c-45e4-a562-83c54eec66ba","AIDA0VOI5001"
"f2272ecc-c88c-45e4-a562-83c54eec66ba","AIDCI81O5001"
"f2272ecc-c88c-45e4-a562-83c54eec66ba","AIDQBXOI5001"
"f2272ecc-c88c-45e4-a562-83c54eec66ba","AIDNZUOI5001"
"f2272ecc-c88c-45e4-a562-83c54eec66ba","AIDMJV144001"
"f2272ecc-c88c-45e4-a562-83c54eec66ba","AIDEM2BD4001"
"f2272ecc-c88c-45e4-a562-83c54eec66ba","AID42LW34001"
"f2272ecc-c88c-45e4-a562-83c54eec66ba","AID28UN34001"
"f2272ecc-c88c-45e4-a562-83c54eec66ba","AIDK1TOI5001"
"f2272ecc-c88c-45e4-a562-83c54eec66ba","AIDY4LW34001"
"f2272ecc-c88c-45e4-a562-83c54eec66ba","AIDQ4CK45001"
"f2272ecc-c88c-45e4-a562-83c54eec66ba","AIDHNCK45001"
"f2272ecc-c88c-45e4-a562-83c54eec66ba","AIDRMZUI1001"
"f2272ecc-c88c-45e4-a562-83c54eec66ba","AIDFWVOI5001"
"f2272ecc-c88c-45e4-a562-83c54eec66ba","AIDNSCK45001"
"f2272ecc-c88c-45e4-a562-83c54eec66ba","AIDJPCK45001"
"f2272ecc-c88c-45e4-a562-83c54eec66ba","AIDNCP544001"
"f2272ecc-c88c-45e4-a562-83c54eec66ba","AIDUFP544001"
"f2272ecc-c88c-45e4-a562-83c54eec66ba","AIDKGV144001"
"f2272ecc-c88c-45e4-a562-83c54eec66ba","AIDU22CO6001"
"f2272ecc-c88c-45e4-a562-83c54eec66ba","AIDQDPT34001"
"f2272ecc-c88c-45e4-a562-83c54eec66ba","AIDZSVOI5001"
"f2272ecc-c88c-45e4-a562-83c54eec66ba","AIDIYWOI5001"
"f2272ecc-c88c-45e4-a562-83c54eec66ba","AIDNTCK45001"
"f2272ecc-c88c-45e4-a562-83c54eec66ba","AIDURWOI5001"
"f2272ecc-c88c-45e4-a562-83c54eec66ba","AID7D4044001"
"f2272ecc-c88c-45e4-a562-83c54eec66ba","AIDXTB8H6001"
"f2272ecc-c88c-45e4-a562-83c54eec66ba","AIDX7XOI5001"
"f2272ecc-c88c-45e4-a562-83c54eec66ba","AIDD32S34001"
"f2272ecc-c88c-45e4-a562-83c54eec66ba","AID83XY34001"
"f2272ecc-c88c-45e4-a562-83c54eec66ba","AID244444001"
"f2272ecc-c88c-45e4-a562-83c54eec66ba","AIDEAC8H6001"
"f2272ecc-c88c-45e4-a562-83c54eec66ba","AIDTCVOI5001"
"f2272ecc-c88c-45e4-a562-83c54eec66ba","AIDPQ2Z34001"
"f2272ecc-c88c-45e4-a562-83c54eec66ba","AIDKRE244001"
"f2272ecc-c88c-45e4-a562-83c54eec66ba","AID6FMS34001"
"f2272ecc-c88c-45e4-a562-83c54eec66ba","AIDJBWOI5001"
"f2272ecc-c88c-45e4-a562-83c54eec66ba","AIDSNXOI5001"
"f2272ecc-c88c-45e4-a562-83c54eec66ba","AIDDNVOI5001"
"f2272ecc-c88c-45e4-a562-83c54eec66ba","AIDDLTOI5001"
"f2272ecc-c88c-45e4-a562-83c54eec66ba","AIDACPP34001"
"f2272ecc-c88c-45e4-a562-83c54eec66ba","AIDYHUV34001"
"f2272ecc-c88c-45e4-a562-83c54eec66ba","AID93YOI5001"
"f2272ecc-c88c-45e4-a562-83c54eec66ba","AID4QCK45001"
"f2272ecc-c88c-45e4-a562-83c54eec66ba","AIDRWBK45001"
"f2272ecc-c88c-45e4-a562-83c54eec66ba","AIDEE42L5001"
"f2272ecc-c88c-45e4-a562-83c54eec66ba","AIDI9WOI5001"
"f2272ecc-c88c-45e4-a562-83c54eec66ba","AIDD4LW34001"
"f2272ecc-c88c-45e4-a562-83c54eec66ba","AID75XOI5001"
"f2272ecc-c88c-45e4-a562-83c54eec66ba","AIDC6VOI5001"
"f2272ecc-c88c-45e4-a562-83c54eec66ba","AIDTMV144001"
"f2272ecc-c88c-45e4-a562-83c54eec66ba","AIDVUVOI5001"
"f2272ecc-c88c-45e4-a562-83c54eec66ba","AID1KTOI5001"
"f2272ecc-c88c-45e4-a562-83c54eec66ba","AIDUHQ2Z3001"
"f2272ecc-c88c-45e4-a562-83c54eec66ba","AID0MTO34001"
"f2272ecc-c88c-45e4-a562-83c54eec66ba","AIDEWTOI5001"
"f2272ecc-c88c-45e4-a562-83c54eec66ba","AID5TUOI5001"
"f2272ecc-c88c-45e4-a562-83c54eec66ba","AIDIEHRJ1001"
"f2272ecc-c88c-45e4-a562-83c54eec66ba","AIDG2LW34001"
"f2272ecc-c88c-45e4-a562-83c54eec66ba","AIDHWE244001"
"f2272ecc-c88c-45e4-a562-83c54eec66ba","AIDAZWOI5001"
"f2272ecc-c88c-45e4-a562-83c54eec66ba","AIDPHCK45001"
"f2272ecc-c88c-45e4-a562-83c54eec66ba","AIDJP2Z34001"
"f2272ecc-c88c-45e4-a562-83c54eec66ba","AIDUOTZZ3001"
"f2272ecc-c88c-45e4-a562-83c54eec66ba","AID97WOI5001"
"f2272ecc-c88c-45e4-a562-83c54eec66ba","AIDB0XY34001"
"f2272ecc-c88c-45e4-a562-83c54eec66ba","AID37UZM4001"
"f2272ecc-c88c-45e4-a562-83c54eec66ba","AIDTFWOI5001"
"f2272ecc-c88c-45e4-a562-83c54eec66ba","AID9CXOI5001"
"f2272ecc-c88c-45e4-a562-83c54eec66ba","AIDLFMS34001"
"f2272ecc-c88c-45e4-a562-83c54eec66ba","AID0IP544001"
"f2272ecc-c88c-45e4-a562-83c54eec66ba","AID8PXOI5001"
"f2272ecc-c88c-45e4-a562-83c54eec66ba","AIDGE4044001"
"f2272ecc-c88c-45e4-a562-83c54eec66ba","AIDIBUOI5001"
"f2272ecc-c88c-45e4-a562-83c54eec66ba","AIDI8SOI5001"
"f2272ecc-c88c-45e4-a562-83c54eec66ba","AIDB9MS34001"
"f2272ecc-c88c-45e4-a562-83c54eec66ba","AIDQPUOI5001"
"f2272ecc-c88c-45e4-a562-83c54eec66ba","AIDW8WOI5001"
"f2272ecc-c88c-45e4-a562-83c54eec66ba","AIDH9WOI5001"
"f2272ecc-c88c-45e4-a562-83c54eec66ba","AIDZZ2044001"
"f2272ecc-c88c-45e4-a562-83c54eec66ba","AIDJUE244001"
"f2272ecc-c88c-45e4-a562-83c54eec66ba","AID3JCK45001"
"f2272ecc-c88c-45e4-a562-83c54eec66ba","AID762S34001"
"f2272ecc-c88c-45e4-a562-83c54eec66ba","AID2BUZM4001"
"f2272ecc-c88c-45e4-a562-83c54eec66ba","AIDRF3V34001"
"f2272ecc-c88c-45e4-a562-83c54eec66ba","AIDYCPP34001"
"f2272ecc-c88c-45e4-a562-83c54eec66ba","AIDINCK45001"
"f2272ecc-c88c-45e4-a562-83c54eec66ba","AIDAZB8H6001"
"f2272ecc-c88c-45e4-a562-83c54eec66ba","AIDIBXQ34001"
"f2272ecc-c88c-45e4-a562-83c54eec66ba","AIDCN2Z34001"
"f2272ecc-c88c-45e4-a562-83c54eec66ba","AID34WOI5001"
"f2272ecc-c88c-45e4-a562-83c54eec66ba","AIDYOTOI5001"
"f2272ecc-c88c-45e4-a562-83c54eec66ba","AIDVWJ044001"
"f2272ecc-c88c-45e4-a562-83c54eec66ba","AIDSEMS34001"
"f2272ecc-c88c-45e4-a562-83c54eec66ba","AIDODUV34001"
"f2272ecc-c88c-45e4-a562-83c54eec66ba","AID0SM444001"
"f2272ecc-c88c-45e4-a562-83c54eec66ba","AID0TCK45001"
"f2272ecc-c88c-45e4-a562-83c54eec66ba","AIDEQCK45001"
"f2272ecc-c88c-45e4-a562-83c54eec66ba","AIDQJXOI5001"
"f2272ecc-c88c-45e4-a562-83c54eec66ba","AID2BBX34001"
"f2272ecc-c88c-45e4-a562-83c54eec66ba","AIDEYXFA1001"
"f2272ecc-c88c-45e4-a562-83c54eec66ba","AIDQP7I04001"
"f2272ecc-c88c-45e4-a562-83c54eec66ba","AIDLXBK45001"
"f2272ecc-c88c-45e4-a562-83c54eec66ba","AIDWNK724001"
"f2272ecc-c88c-45e4-a562-83c54eec66ba","AIDUBM344001"
"f2272ecc-c88c-45e4-a562-83c54eec66ba","AIDHIM344001"
"f2272ecc-c88c-45e4-a562-83c54eec66ba","AID24IU34001"
"f2272ecc-c88c-45e4-a562-83c54eec66ba","AIDLSLQ02001"
"f2272ecc-c88c-45e4-a562-83c54eec66ba","AIDXPCK45001"
"f2272ecc-c88c-45e4-a562-83c54eec66ba","AIDPDHK94001"
"f2272ecc-c88c-45e4-a562-83c54eec66ba","AIDQXVOI5001"
"f2272ecc-c88c-45e4-a562-83c54eec66ba","AID7EPP34001"
"f2272ecc-c88c-45e4-a562-83c54eec66ba","AID4P2Z34001"
"f2272ecc-c88c-45e4-a562-83c54eec66ba","AIDKVXOI5001"
"f2272ecc-c88c-45e4-a562-83c54eec66ba","AIDGDBX34001"
"f2272ecc-c88c-45e4-a562-83c54eec66ba","AIDFCPT34001"
"f2272ecc-c88c-45e4-a562-83c54eec66ba","AID3VE244001"
"f2272ecc-c88c-45e4-a562-83c54eec66ba","AID9HPT34001"
"f2272ecc-c88c-45e4-a562-83c54eec66ba","AIDRDX9P5001"
"f2272ecc-c88c-45e4-a562-83c54eec66ba","AIDY4CK45001"
"f2272ecc-c88c-45e4-a562-83c54eec66ba","AID66UYJ5001"
