Brand;Line;Sub Line1;Sub Line2;Sub Line3
636643;manufacture;refurbished;db7624e;24
636643;powersmart;db72024pa;24;inch
636643;ast-30;in.;two-stage;e-start
9trading;home;drive;way;18-inch
9trading;1.6hp;gas;power;walk
a b motor parts;carburetor;for;tecumseh;
aavix;electric;;;
aavix;two;stage;24-inch;
achiforce;snow;blower;20-inch;
aftermarket toro tecumseh stens snow master;28-9110;starter;gear;
ajooed;extendable;snow;removal;
all power;america;;;
all power america;electric;snow;blower;
allpoints;blower;assembly;230v;
amc aftermarket;10;shear;pins;made
amc aftermarket;50;shear;pins;made
amc aftermarket;20;shear;pins;compatible
amico;22;inch;212cc;
amico;26-inch;deluxe;212cc;
amico;30;inch;302cc;
amico;24;inch;;
amico;28;inch;deluxe;252cc
antego;15x5.00-6;snow;tires;
antego tire wheel;wheel;;;
antego tire wheel;18x8.50-8;directional;;
antego tire wheel;13;4.10-6;2;ply
aohi;wxq-xq;backpack;snow;
aosheng;knapsack;type;forest;
aquablessing;electric;snow;;
arctic cat;drivetrack-9t-2.86p-exv-assy;;;
ariens;two;stage;;
ariens;gas;snw;blwr;306cc
ariens;deluxe;;;
ariens;track;;;
ariens;professional;rapidtrak420cc;two-stage;
ariens;snow;blower;;
ariens;path-pro;;;
ariens;*;scraper;bar;
ariens;classic;24;24;2
ariens;platinum;;;
ariens;professional;rapidtrak;;
ariens;938033;21;in.;single
ariens;28;;;
ariens;professional;;;
ariens;professional420cc;two-stage;;
ariens;compact223cc;two-stage;;
ariens;compact;;;
ariens;crossover;20-in;179-cc;two-stage
ariens;company;sno-tek;24;in.
ariens;24;in.;electric;
ariens;920402;;;
ariens;921011;consumer;st24e249cc;two-stage
ariens;920026;223cc;20;in.
ariens;snow;;;
ariens;scraper;bar;;
ariens;920010;consumer;st24e169cc;two-stage
arko tractor parts;shear;pins;and;
arnold;univ;snothrw;slide;shoes
arnold;snow;thrower;cab;
arnold;universal;poly;slide;shoe
arrowhead;;;;
asixxsix;snow;remover;portable;
auger;plate;72412-v10-000;fits;honda
auger;lower;housing;76741-v10-000;honda
aunmas;engineering;blower;portable;gardening
aunmas;snow;blower;portable;gardening
beast;snow;45;420cc;
berco;44;snowblower;;
berco;40;snowblower;;
berco;48;snowblower;;
berillis;snow;blowerscordless;electric;
beyst;two-stage;snow;thrower;
biglee;56;cm;full;
black decker;40v;max;lithium;
blossomz;wen;snow;blaster;
blower;sportsman;earth;series;
blowers;spring;215699a;;
blue max;42-inch;13;hp;
bmotorparts;fuel;valve;petcock;
bodhi equipment;io-n18-20-24;snow;blower;
bonjin;electric;snow;scraper;
boquite;romantic;presenttwo-stroke;snow;
briggs amp stratton;27;in;dual;
briggs and stratton;gas;snow;thrower;
briggs stratton;stratton;;;
briggs stratton;24;in;dual;stage
buy joy;20;inch;13;amp
buy joy;16;inch;9-amp;electric
buy joy;12;inch;9;amp
cable;clutch;blower;snowthrower;117-9145
cable;auger;idler;5641;rotary
cable;guide;roller;756-0625;mtd
camillaxdlf;electric;snow;blower;
carbhub;591378;carburetor;replacement;
cartener;replacement;753-06469;731-08171;
cessdry;four-stroke;;;
cessdry;equipped;air;cooling;filter
champion power equipment;338cc;30-inch;2-stage;gas
champion power equipment;224cc;compact;24-inch;2-stage
chase;snow;blower;aerosol;
chase products;12;each:;santa;
chengong;ã€2021;new;years;
chennao;powered;leaf;blower;
cjupzi;snow;blower;with;
classic accessories;universal;2-stage;snow;
clever market;outdoor;electric;snow;
cloud mountain;finefind;120v;60hz;
clutch;bail;117-9136-03;fits;toro
clutch;wl;lever;57175e701ma;murray
colibrox;-31;walk;behind;
cqyd;snow;blower;impeller;kit
craftsman;gas;;;
craftsman;gas;powered;;
craftsman;sb470;28-in;243cc;two-stage
craftsman;single;stage;gas;
craftsman;snow;blower;auger;kit
craftsman;electric;start;;
craftsman;season;;;
craftsman;snowblower;shear;bolt;kit
craftsman;179cc;;;
craftsman;26;inch;two;stage
craftsman;208cc;gas;;
craftsman;std316358;offset;drive;chain
craftsman;sb630;30-in;357-cc;two-stage
craftsman;sb620;28-in;272-cc;two-stage
craftsman;42-inch;;;
craftsman;electric;;;
craftsman;24;inch;two;stage
craftsman;179cc;gas;;
cub cadet;1x;;;
cub cadet;3x;26;;
cub cadet;24;in.;208cc;2-stage
cub cadet;three;stage;;
cub cadet;3x357cc;;;
cub cadet;2x208cc;two-stage;;
cub cadet;snow;blower;;
cub cadet;45;in.;420;cc
cub cadet;two;stage;;
cub cadet;3x277cc;three-stage;;
cub cadet;3x;;;
cub cadet;3x357cc;three-stage;;
cub cadet;3-stage;tractor;mount;
cub cadet;33;in.;357;cc
cub cadet;21;in.;single-stage;electric
cub cadet;2;x;526;swe
cub cadet;30;three-stage;heavy;duty
cub cadet;single;stage;;
cuque;ã€christmas;giftsã€‘four-stroke;;
cuque;multifunctional;;;
db electrical;110v;starter;for;
dek;30;commercial;302cc;electric
dek;45;in.;commercial;420cc
dek;36;in.;commercial;420cc
demotor performance;carburetor;carb;tecumseh;640152
demotor performance;591731;carburetor;carb;briggs
demotor performance;20;853;33-s;carburetor
dgdhf;universal;oil;burner;
dirty hand tools;self-propelled;;;
dirty hand tools;self-propelled;dual;;
dirty hand tools;self-propelled;212cc;;
dnysysj;2;stroke;gas-powered;leaf
dnysysj;gasoline;leaf;blower;handheld
dumanfs;snow;shovel;ice;
duouh;electric;greenhouse;;
duouh;blower;;;
earthwise;20-volt;12-inch;cordless;
earthwise;electric;corded;12amp;
earthwise;electric;corded;;
earthwise;22-inch;14-amp;green;
earthwise;electric;;;
easy heat;adks-1000;200;roof;
echelon;24;196cc;two;
ego power;skid;shoesfor;2-stage;
ego power;21-inch;56-volt;cordless;
ego power;drift;cutters;ego;24-inch
ego power;24;in.;self-propelled;2-stage
ego power;steel;auger;rubber;paddlefor
ego power;21;in.;cordless;56-volt
ego power;21-inch;56-volt;;
ego power;snt2400;24;inch;battery-powered
ego power parts;asp2400;2-stage;;
ego power parts;act2400;2-stage;;
estry;40.0v;battery;replacement;
everest parts supplies;long;chute;cable;
feather butterfly;replace;snowblower;pivot;
ffc;snow;blower;;
fidgetfidget;high;performance;carburetor;
fidgetkute;set;kit;951-14026a;
firestrive;car;ice;scrapers;
fithood;battery;replacement;;
focket;electric;snow;blower;
frenma;portable;plastic;deicing;
gabrebi;18-inch;15;amp;electric
gabrebi;industrial;1600w;ultra;electric
gabrebi;1600w;ultra;electric;
galapagoz;gas;snow;blower;
ganlikon;toro;powerlite98cc;single-stage;
garant;corp;snow;shovel;
gardenpro;42;420cc;electric;
gasket;snowblowers;carburetor;485-956;
gdrasuya10;electric;snow;blower;
generac;snow;;;
generic;snow;blower;;
generic;friction;;;
generic;14;corded;;
generic;snapper;xd;12;in.
generic;snow;;;
generic;ariens;path-pro;21;in.
gimiton;640052;640058;640058a;
gimiton;951-10638a;carburetor;;
gimiton;640084a;carburetor;tecumseh;632107
ginyia;snow;blower;portable;
gold happy;mini;ceramic;creative;oblique
gold happy;succulent;flower;mini;plant
goodeal;carburetor;for;troy;
goplus;18-inch;electric;;
goplus;electric;corded;;
greenwork pro;60-volt;20-in;single-stage;
greenworks;pro;80v;;
greenworks;40v;;;
greenworks;80v;;;
greenworks;20-inch;;;
greenworks;pro;;;
greenworks;electric;;;
greenworks;corded;;;
greenworks;26022;10;amp;16
greenworks tools;20;cordless;snowthrower;
guide;clutch;cable;108-4919;
harpi;3-in-1;snow;and;
hattomen;snow;thrower;18;
hcchzr;handheld;blower;;
hcchzr;high-power;gasoline;hybrid;blade
hcchzr;knapsack;gasoline;hair;dryer
hcchzr;leaf;blower;backpack;
hcchzr;leaf;;;
hedgx;ice-off;spray;de-icer;
himal outdoors;sn70010;10-inch;wide;
hlwl;12-inch;9;amp;
homegear;12;9;amp;electric
homegear;20;professional;13;amp
homydelight;snow;removal;electric;
honda;659770;20;in.;187cc
honda;hss1332atd;389cc;32;inch
honda;660770;198cc;two-stage;gas
honda;power;equipment;;
honda;660830;389cc;two-stage;gas
honda;659760;20;in.;187cc
honda;660820;28;in.;270cc
honda;660810;28;in.;270cc
honda;72440-768-000;;;
honda;198cc;two;stage;electric
honda;28;in.;hydrostatic;wheel
honda;660840;variable;speed;self-propelled
honda aftermarket;2;scraper;bars;
huakii;ğ‚ğ¡ğ«ğ¢ğ¬ğ­ğ¦ğšğ¬;ğ†ğ¢ğŸğ­;multi;
hub;2438900;;;
humbee tools;two;stage;gas;
husqvarna;st224p;24;in.;208cc
husqvarna;st227;snowblower;;
husqvarna;st330;st330;30;in.
husqvarna;st327;st327;27;in.
husqvarna;st427t369cc;two-stage;track;drive
husqvarna;581127901;snowblower;headlight;housing
husqvarna;outdoor;power;equipment;st327p
husqvarna;443328x428;snowblower;chute;genuine
husqvarna;585805001;heater;switch;genuine
husqvarna;st224;;;
husqvarna;outdoor;power;equipment;st324p
husqvarna;outdoor;power;equipment;st330p
husqvarna;586723501;light;assembly;genuine
husqvarna;st430t420cc;two-stage;track;drive
husqvarna;outdoor;power;equipment;st227p
husqvarna;587978901;hex;bushing;genuine
husqvarna;970449301;st124;24â€³;2
husqvarna;32-oz;4-cycle;5w-30;
husqvarna;st324;st324;24;in.
husqvarna;581208101;control;genuine;original
husqvarna;586710401;wheel;15x5.0;genuine
husqvarna;580831106;arm.idler.au;genuine;original
husqvarna;588518702;snowblower;drive;gear
husqvarna;single-stage;;;
husqvarna;snow;thrower;27;305cc
husqvarna;425499;rod.speed.co;genuine;original
husqvarna;586644301;clip;e-ring;genuine
husqvarna;585691701;bolt;carr;b
husqvarna;183346;console;panel;genuine
husqvarna;19111507;light;washer;genuine
husqvarna;401620;snowblower;headlight;bulb
husqvarna;405932;snow.pivot.b;genuine;original
husqvarna;197764;short;hex;shaft
husqvarna;435232;kit.auger.27;genuine;original
husqvarna;587343701;bushing;brake;genuine
husqvarna;587587202;guide;genuine;original
husqvarna;585020402;carb.gen2.w;genuine;original
husqvarna;st224;p;;
husqvarna;425598;rod.shifter.;genuine;original
husqvarna;420325;seal;deflector;genuine
husqvarna;dual;stage;;
husqvarna;435231;snowblower;auger;kit
husqvarna;184594;rod;cable;genuine
husqvarna;580756102;snowblower;retainer;ring
husqvarna;199640;screw.hex.hd;genuine;original
husqvarna;585691401;nut.hex.lrg.;genuine;original
husqvarna;438447;bracket;stee;genuine
husqvarna;585691201;bolt;carr;w
husqvarna;179259;arm;and;pad
husqvarna;425596;control;weldment;genuine
husqvarna;180684x008;snowblower;service;wrench
husqvarna;588147701;pin.grooved;genuine;original
husqvarna;427145;pull;hub;impeller
huuh;leaf;blowersnow;blowerhandheld;
hyde;;;;
hypeshops;12;9;amp;
ignition;key;117-7728;toro;
ikra;iaf;40-3325;battery;
ivation;heavy;duty;15;
jacksking;snow;blower;portable;
jf xuan;anemometer;backpack;snow;
jiaseon;cr;vehicle;snow;
jin jin;jinjin;non-slip;rubber;
jingyig;snow;remover;unique;
john deere;342cc;dual-stage;30;
jonsered;30;291cc;two;stage
jonsered;27;254cc;2;stage
jonsered;st;1153ep;21;179cc
junluck;snow;blower;multi-purpose;
kchex;__snow;;;
kobalt;40-volt;12-in;single-stage;cordless
kobalt;80-volt;12-in;single-stage;cordless
kobalts;80-volt;22-in.;snow;
kt;kobalt;80-volt;12-in;
kwantasmile;reduce;back;strain;
lct;pw3hk185001pab;179cc;5;
lirongping;cordless;backpack;leaf;
litheli;40v;cordless;snow;
lizongfq;electric;;;
lizongfq;electric;leaf;;
lizongfq;electric;dust;;
llsy;-45Â°c;car;snow;
loyalheartdy;42.7cc;air-cooled;two-stroke;
lqgm;snow;blower;;
m d mower and appliance;md;mower;and;
m massimo motor;;;;
m massimo motor;60;60in;420cc;2
m massimo motor;34;34in;375cc;gas
m massimo motor;30;30in;302cc;gas
m massimo motor;snow;plow;;
martha stewart;22-inch;15-amp;electric;
mastercraft;master;craft;18;
maztang;electric;;;
meechok;cordless;two;;
meechok;snow;blower;thrower;lithium
meechok;306cc;two-stage;;
meiyya;ğ‚ğ¡ğ«ğ¢ğ¬ğ­ğ¦ğšğ¬;ğ†ğ¢ğŸğ­;four-stroke;
meiyya;ğ‚ğ¡ğ«ğ¢ğ¬ğ­ğ¦ğšğ¬;ğ†ğ¢ğŸğ­;;
meiyya;ğ‚ğ¡ğ«ğ¢ğ¬ğ­ğ¦ğšğ¬;ğ†ğ¢ğŸğ­;greenhouse;
midwest tool company;ryobi;20;in.;
miklan;3pcs;6;filter;
milwaukee's;fita;mÃ©trica;carretel;
minikid;3-in-1;snow;removal;
ministry of warehouse;set;of;2;sears
ministry of warehouse;friction;drive;disc;170800
ministry of warehouse;pack;of;2;paddles
ministry of warehouse;52100100;basic;pack;5
misc;roof;gutter;de-icing;30-ft.
misc;coated;granular;blend;boxpaper
misc;ice;grip;shoes;rubber
misc;easy;heat;;
misc;16-inch;tube;of;channel
misc;rooftop;rake;;
misc;18;single;stage;gas
misc;12-pound;slipgrip;infused;coated
misc;roof;gutter;de-icing;60-ft.
misc;15-pound;box;of;slipgrip
misc;roof;gutter;de-icing;80-ft.
misc;single;stage;gas;powered
misc;propane;ice;melting;torch
misc;roof;gutter;de-icing;100-ft.
mndrlin;portable;electric;snow;
motoall;38744;carburetor;for;
mtd;#31ah6bhe790;5.5hp;24;
mtd;31am63ef700;yard;machines;consumer208cc
mtd genuine parts;790-00080d;snowblower;auger;idler
mtd genuine parts;731-11147;joystick;housing;cover
mtd genuine parts;products;;;
mtd genuine parts;yard;machines;snowbuster;7.5-amp
mtd genuine parts;marshall;mtd;gold;single
mtd genuine parts;columbia;28-inch;357cc;two-stage
mtd genuine parts;721-04707;plug;1.375;od
mtd genuine parts;31ah6glf704;262-stage;;
mtd genuine parts;outdoor;#31ah6llg790;10;hp
mtd genuine parts;790-00311c-0637;snowblower;shift;lever
mtd genuine parts;748-05057;chute;gear;adapter
mtd genuine parts;747-06779;spring;hook;rod
mtd genuine parts;#31ah6glf790;8.5hp;26;
mtd gold;single-stage;;;
mtd gold;277cc;28;inchtrack;drive
mtd gold;products;31am63ke704;gas;
mtn gearsmith;new;;;
muffler;tecumseh;;;
murray;1738242yp;switch;deflector;
murray;snowblower;;;
murray;761209ma;grip;hndl;sh
murray;grip;lever.3;;
murray;1726317sm;grip;;
murray;dual;stage;;
murray;clip;lower;c;
murray;327921ma;dec-gear;sel;
murray;7072850sm;defl;cht;
murray;axle;21.34;b;
murray;1666613sm;hold;down;
murray;1716606sm;scpr;bar;
murray;tank;line;assembly;
murray;760504ma;lawn;tractor;chain
murray;upper;rod;assembly;
murray;309814ma;screw;10-24x;
murray;586224ma;stud;brake;
murray;t-stat;lf;ro;
murray;auger;control;decal;
murray;wf;shaft;s;
murray;1736103sm;screw-hex-ws;;
murray;579859ma;ring;retext;
murray;shaftaugr;;;
murray;adjuster;rod;;
murray;dec-speed;se;;
murray;chute;stop;;
murray;speed;control;;
murray;1501310ma;cable;lever;
murray;5115e701ma;hndl;upr;p4
murray;780277ma;brg;brz-flg.;
nachun;handheld;blowercomputer;dust;removal
nachun;220v;dust;blowermini;garden
nfe;lace;dress;women;
no_brand;electric;;;
no_brand;18;;;
no_brand;snow;blower;;
no_brand;ryobi;expand-it;;
no_brand;poulan;pro;;
no_brand;male;;;
no_brand;echelon;34;;
no_brand;toro;;;
no_brand;snow;thrower;;
no_brand;sÃªxy;dÃ³llsfor;mÃ¡n;fÃ¼ll
no_brand;vá»‹brate;sucking;and;lá»‹cking
no_brand;mcculloch;;;
no_brand;mÃ¡le;mÃ¡stÇ”rbÃ¡tÃ­Ã³n;cÇ”p;dÇ’Ç”ble
no_brand;pÃ³ckÃªt;pÃ¼ssyfÃ³Ã³t;men;rÃªalÄ«stÄ«cmalÃª
no_brand;ariens;;;
no_brand;twosnow;blower;paddles;s200
no_brand;kilabi;manufacturer;;
no_brand;troy-bilt;storm;;
no_brand;rechÃ¡rgeÃ¡ble;wÃ¡terproof;mÇssÃ¡ger;womentÇ’ngÇ”e
no_brand;21;sgl;;
no_brand;sÃºckÃ­ng;mÃ stÇ”rbÃ¡tÇ’rs;tÇ’y;women
no_brand;outdoor;5.5;hp;4-cycle
no_brand;toro;power;;
no_brand;corded;;;
no_brand;shutwin;mini;;
no_brand;electric;winter;;
no_brand;greenworks;2600202;13;amp
no_brand;skawel;;;
no_brand;sucking;flesh;lightÅ¡ex;toy
no_brand;ariens;professional;;
no_brand;tayenona;online;shopping;home
no_brand;18;in.;;
no_brand;snow;;;
no_brand;10;modes;wá»mÃ¨n;sÃ¨x
no_brand;sÃªx;dÃ¡ll;formÃªn;bÃ¼tt
no_brand;todoret;held;gas;
no_brand;gobaisi;garden;tools;mini
no_brand;starter;tecumsehh;;
no_brand;mtd;products;;
no_brand;g-spÇ’t;vÇbrÃ¡tÇ’r;Ã¡dÇ”lt;sÃ©x
no_brand;troy-bilt;;;
no_brand;mtd;;;
no_brand;stachen;push;;
no_brand;car;ice;scraper;windshield
no_brand;ariens;deluxe;;
no_brand;hafalus;small;;
no_brand;onemoretime;hand;;
no_brand;26;2stage;;
no_brand;universal;2-stage;;
no_brand;daziyua;snowplow;;
no_brand;niple;sucker;chicken;egg
no_brand;stormforce;ohv;replacement;
no_brand;jkna;12;compact;9
no_brand;female;mÃ¤stÃ¼rbatÃµr;sex;toys
no_brand;24;2stage;;
no_brand;dual-stage;powerful;4-cycle;snowblower
nortrac;3-pt.;snow;blower;
offex;18;single;stage;
oldm;handheld;snow;blower;
opdtiy;kids;snow;shovel;
ouppeng;multifunctional;backpack;snow;
outera;electric;snow;blower;
outsunny;20;electric;13;
paddle;rubber;auger;fits;husqvarna
paddle;center;130-9569;toro;snowthrower
pappermint store;peppermint;storenew;replacement;
parffae;worm;gear;for;
phenom deals;top;rated;electric;
pokerty;leaf;blower;0.67kw;
poulan;pro;;;
poulan pro;single;stage;;
poulan pro;pr241;24;in.;208cc
poulan pro;961820015;136cc;single;stage
poulan pro;pr271;27;in.;254cc
poulan pro;40v;single;stage;20
poulan pro;305cc;2-stage;electric;start
pow' r' kraft;powrkraft;powrkraft;18;
pow' r' kraft;powrkraft;powrkraft;23;
power products usa;electric;snow;blower;
power smart;db7659a;24-inch;208cc;lct
power smart;db7651a;26-inch;208cc;lct
powersmart;snow;;;
powersmart;22;in.;;
powersmart;;;;
powersmart;2-stage;gas;;
powersmart;18;inch;13amp;electric
powersmart;24;in.;;
powersmart;24;;;
powersmart;db7005;;;
powersmart;26;in.;212cc;2-stage
powersmart;26;in.;212cc;two
powersmart;pss1210m;21;in.;single
powerworks;20-inch;60v;brushless;
powerxt;dual;action;car;
professional series;32;in.;two-stage;
project one;;;;
psy;electric;blower;snow;
push;2;pcs;pull;
qinlorgo;snow;blower;portable;
raisman;carburetor;overhaul;kit;
ramco;12;inches;9;
redxiao;ã€ğğ¥ğšğœğ¤;ğ…ğ«ğ¢ğğšğ’š;ğ‹ğ¨ğ’˜ğğ¬ğ­;ğğ«ğ¢ğœğã€‘
redxiao;ã€ğğ¥ğšğœğ¤;ğ…ğ«ğ¢ğğšğ’š;ğ‹ğ¨ğ’˜ğğ¬ğ­;ğğ«ğ¢ğœğã€‘0.027-0.03in
reliable aftermarket parts our name says it all;replacement;scraper;bar;
remington;rm2120;123cc;electric;start
remington;rm2140;179cc;electric;start
remington;rm3060;357cc;electric;start
remington;rm2860;rainier;;
remington;rm2410;durango;;
replaces toro;snow;blower;snow;
reyleo;electric;;;
rotary;snow;thrower;carburetor;
rotary;shear;pin;nut;ariens
ryobi;21;in.;40-volt;brushless
ryobi;16;in.;10;amp
ryobi;ryac801;16;;
ryobi;ry40811;40v;brushless;cordless
ryobi;20;in.;;
ryobi;12;in.;40-volt;lithium-ion
ryobi 40 volt;20;in.;40-volt;
ryobiexpand it;snow;thrower;;
ryobisnow;ryobi;20;in.;40-volt
ryobisnow;ryobi;20;in.;13
s afstar;electric;snow;shovel;
sch sc;sh-chen;backpack;snow;
scraper;137-2277;fits;toro;cordless
scraper;bar;;;
scraper;steel;bar;;
scraper;133-5585;toro;power;clear
scraper;blade;877e701ma;murray;
seller123;12-inch;9;amp;
sheart 9;women;men;winter;solid
sheart 9;womens;fanshion;winter;
shinear;5000mah;battery;replacement;
shoe;skid;1727854bmyp;780-704;
simlug;ã€ğ’ğ©ğ«ğ¢ğ§ğ ;ğ’ğšğ¥ğ;;
simplicity;dual;stage;select;
simplicity;dual;stage;;
simplicity;p1728e420cc;signature;pro;two-stage
simplicity;p1524e;signature;pro;24
simplicity;single;stage;;
simplicity;1696231;gas;powered;163cc
simplicity;922exd205cc;deluxe;single;stage
simplicity;front;weight;two-stage;
skid;shoe;780-888;;
snapper;xd;82v;max;20-inch
snapper;24-inch;205cc;4-cycle;ohv
snapper;22;in;single;stage
snapper;simplicitysingle;stage;;
snapper xd;sxd20s82k;snow;blowers;
snotek;20;in.;2-stage;self-propelled
snotek;sno-tek;consumer;st26208cc;two-stage
snow beast;36;;;
snow beast;m16;45;commercial;420cc
snow beast;gxi;;;
snow beast;30;302cc;electric;start
snow blaster;r56663;13-amp;electric;
snow blowers;2-pack;of;snowblower;skid
snow blowers;mtd;784-5580;set;of
snow blowers;301380e701;1740718ayp;780061ma;murray
snow blowers;90147;90065;oem;genuine
snow blowers;klik;pin;500016ma;73842ma
snow blowers;intake;gasket;tecumseh;27915
snow blowers;984-5580;set;of;2
snow joe;electric;single;stage;
snow joe;48-volt;ion;cordless;
snow joe;40-volt;ionmax;;
snow joe;ultra;sj620;;
snow joe;;;;
snow joe;80v;cordless;;
snow joe;cordless;;;
snow joe;18-inch;;;
snow joe;sj627e;;;
snow joe;electric;;;
snow joe;ultra;;;
snow joe;100-volt;ionpro;;
snow joe;sun;joe;ionmax;ecosharp
snow joe;sj625e;;;
snow joe;cordless;single;stage;
snow joe;48v;18;750w;brushless
snow joe;ion;;;
snow joe;ultra;21;;
snow joe;ultra;sj618e;;
snow joe;ion18sb-grn-rm;factory;refurbished;40v
snow joe;sj627e;electric;;
snow joe;ion21sb-pro;21-inch;40;volt
snow joe;80v;cordless;dual-stage;
snow joe;ion18sb;;;
snow joe;ultra;sj623e;;
snow joe;18;in.;13.5;amp
snow joe;ion18sb-hyb;40v;4;ah
snow joe sun joe;sun;joe;;
snow shovel;2pcs;car;vehicle;
snowblower;6;pack;shear;pins
snowblower;shave;plate;26;mtd
snowblower;thrower;throttle;control;knob
snowblower;chute;bush;ring;base
snowblower;snow;blower;rubber;paddle
snowblower;auger;skid;106-4588-01;toro
snowblower;4;pk;key;13278
snowblower;snowthrower;cable;746-0910;mtd
snowblower;replacement;toro;air;vane
snowblower;upper;drive;clutch;cable
snowblowers;chute;cable;290-962;stens
snowblowers;skid;shoe;snapper;3-7982
sorand;snow;blower;portable;
spring;extension;932-0710;732-0710;mtd
spring;clutch;71-5480;fits;toro
stanley;30in.;commercial;302cc;electric
stanley;45-inch;commercial;420cc;electric
stanley;36;inch;commercial;420cc
stark usa;31-inch;gas-powered;snow;
steel;steel;scraper;bar;5673
steel;steel;scraper;bar;5679
steele products;two;stage;gas;powered
steele products;snow;blower;sp-5b-2621;21
stens;751-830;snowthrower;safety;
stkusa;6.5hp;gas;walk;
storm force;pw2hk;179cc;5;
streamline industrial;snow;blower;thrower;
suconor;wireless;charger;compatible;
sugoyi;snow;blower;portable;
sun joe;24v-x2-20sb;48-volt;ion;cordless
sun joe;martha;stewart;mts-est22-rm;all-steel
sunil;electric;snow;blower;
superhandy;snow;thrower;shovel;electric
superhandy;silent;electric;wood;chipper
tacklife;snow;blower;15amp;
tacklife;electric;;;
tacklife;snow;blower;;
tacklife;snow;blower;15-amp;
tacklife;upgrade;;;
tacklife;15amp;20-inch;;
taidda;taidda;ã€2021;new;years
taidda;ã€2021;new;years;specialã€‘plastic
tantrum tow ropes;car;heater;12v;
tatub;leaf;blower;with;
teccpo;electric;snow;blower;
tecumseh;37147;snowblower;fuel;
the rop shop;carburetor;carb;;
the rop shop;shear;pins;bolts;craftsman
the rop shop;carburetor;tecumseh;;
the rop shop;shear;pins;bolts;wheel
the rop shop;carburetor;;;
the rop shop;carburetors;replaces;tecumseh;640086a
the rop shop;carburetors;replaces;tecumseh;640084b
the rop shop;carburetors;carbs;tecumseh;hsk600
the rop shop;carburetors;tecumseh;632370a;632370
the rop shop;shear;pins;bolts;fit
the rop shop;adjustable;;;
the rop shop;citywalk360;carburetor;;
the rop shop;shear;pins;bolts;53200500
the rop shop;shear;pins;bolts;snapper
the rop shop;new;;;
the rop shop;carburetors;carb;tecumseh;632334a
the rop shop;electronic;transistorized;ignition;module
the rop shop;carburetors;toro;powerlite;ccr1000
the rop shop;carburetors;carbs;tecumseh;7hp
the rop shop;shear;pins;bolts;fits
the rop shop;shear;pins;bolts;hs724
the rop shop;carburetors;carbs;tecumseh;640299
the rop shop;carburetors;tecumseh;632107a;hssk40
the rop shop;shear;pins;bolts;1128dde
the rop shop;4;carburetors;tecumseh;632107
the rop shop;20;carburetors;tecumseh;632107
the rop shop;10;carburetors;tecumseh;632107
the rop shop;2;carburetors;tecumseh;632107
the rop shop;shear;pins;bolts;nuts
the rop shop;50;carburetors;tecumseh;632107
time;cutter;z;front;
tinkertory;power;clear;paddle;
topincn;snow;blower;remover;
tornado tools;electric;snow;;
toro;single;stage;;
toro;power;clear;;
toro;2;stage;;
toro;power;max;;
toro;36003;snowmaster;824;qxe
toro;38381;18-inch;15;amp
toro;824qxe;snowmaster;sn;
toro;snwthrwr;21;212cc;
toro;leaf;blwr;bo;60v
toro;power;;;
toro;snowmaster;724;qxe;24
toro;724zxr;snowmaster;;
toro;ccr;powerlite;;
toro;26;in.;w;x
toro;pair;of;;
toro;the;company;37779;24
toucan city;led;flashlight;;
troy bilt;troy-bilt;24;in.;two-stage
troy bilt;squall;;;
troy bilt;storm;;;
troy bilt;polar;blast;;
troy bilt;vortex;;;
troy bilt;flurry;1400;electric;
troy bilt;snow;thrower;357cc;30
troy bilt;31a-2m5g766;21;in.;123cc
troy bilt;flex;;;
troy bilt;208cc;gas;;
troy bilt;26;in.;208;cc
troy bilt squall 2100;troy-bilt;squall;2100;
unknown;hs521;hs621;;
unknown;new;replacement;belt;
unknown;new;replacement;belt;use
unknown;hs35;;;
unknown;2;mtd;2;stage
unknown;snow;blower;;
unknown;toro;;;
unknown;carburetor;tr0y-bilt;st0rm;2410
unknown;electric;;;
unknown;snow;;;
unknown;t0r0;;;
unknown;m;t;d;snowblower
unknown;21;inch;14;amp
unknown;5;pack;arlens;52100100
unknown1;gas;powered;single;
urjipstore;electric;snow;scraper;
vacuumparts;brake;cable;;
vacuumparts;3;;;
vacuumparts;2;;;
vacuumparts;troybilt;horse;tiller;reversing
vacuumparts;kohler;engine;gasket;set
vacuumparts;toro;;;
vacuumparts;snapper;;;
vacuumparts;snowthrower;;;
vacuumparts;jacobsen;snowburst;homelite;paddle
vacuumparts;oem;;;
vacuumparts;oem;mtd;;
vacuumparts;snowblower;;;
vacuumparts;scraper;;;
vacuumparts;carburetor;;;
vacuumparts;new;;;
vacuumparts;tecumseh;;;
vacuumparts;oem;toro;;
vacuumparts;craftsman;;;
vacuumparts;mtd;;;
vacuumparts;drive;cable;used;on
vacuumparts;2;paddles;;
vacuumparts;2;oem;;
vacuumparts;11;tooth;starter;drive
vacuumparts;screw;top;vented;fuel
vacuumparts;oem;snowblower;;
vacuumparts;tiller;tines;troy-bilt;troybilt
vacuumparts;oem;lawnboy;;
vacuumparts;scraper;bar;;
vacuumparts;hustler;;;
vacuumparts;oem;craftsman;;
vacuumparts;complete;tiller;tine;set
vacuumparts;zama;;;
vacuumparts;wheel;drive;belt;lesco
vacuumparts;16;tine;set;used
vacuumparts;oem;tecumseh;;
vacuumparts;21;aircap;;
vacuumparts;oem;agrifab;;
vacuumparts;deck;spindle;murray;1001200
vacuumparts;mcculloch;pro;mac;6
vacuumparts;wacker;wacker;bs50;bs50-2i
vacuumparts;starter;clutch;briggsstratton;45970
vacuumparts;mtd;troybilt;;
vacuumparts;snowblower;auger;;
vacuumparts;418168;154427;175131;195673
vacuumparts;blade;spindle;bobcat;others
vacuumparts;10;pack;;
vacuumparts;8;spindle;pulley;only
vacuumparts;muffler;fitstecumseh;7hp;8hp
varwaneo;cordless;snow;blower2-cycle;
veenshop;electric;snowblower;ice;
veiren;3;pack;snow;
vi car;mtd;troybilt;yard;
victory;84;skid;steer;
victory;snow;blower;front;mounted
victory tractor implements;ss-sb-70;snow;blower;
vidaxl;universal;;;
vidaxl;snow;plow;blade;39
vikye;electric;snow;thrower;
vivohome;heavy;duty;waterproof;
vpabes;handheld;power;sweeper;
wall of dragon;5pcs;household;ceramic;mini
wall of dragon;random;6;pcs;small
wangzi;handheld;blower;gasoline;
warrior;tools;;;
wen;24-inch;212cc;two-stage;self-propelled
wen;5662;;;
wenyun;ice;scraper;for;
westcoastpapa;196cc;6.5hp;walk;
whateverworks;snojoe;snow;;
worii;upgraded;practical;snow;
worx;18;13a;electric;
worx;;;;
worx;13;amp;18;electric
worx;wg471;2x20v;4.0ah;cordless
wsnldy;leaf;blower;;
wsnldy;leaf;;;
wsnldy;3;in;1;
xg power;6.5hp;two-stage;snow;
xiyi;multifunctional;electric;snow;
xtremeamazing;snowthrower;worm;gear;
xtremepowerus;1600w;ultra;electric;
yadianna;backpack;snow;blower;
yan;friction;drive;disc;
yard machine;31am66eg700;28;243cc;
yard machines;208cc;;;
yard machines;208cc;two-stage;;
yard machines;277cc;engine;28;width
yard machines;31as6bee752;700;two;stage
yard machines;21;123cc;single-stage;
yardmax;two-stage;;;
yardmax;single;stage;;
yardmax;2;stage;;
yardmax power products;single-stage;;;
yardmax power products;2-stage;;;
yardwe;portable;car;heater;
yellayby;portable;backpack;snow;
yellsong;telescoping;snow;shovel;
yosoo;ice;scraper;outdoor;
yzong;6-speed;adjustment;vacuum;
zama;oem;c1m-k37d;;
zama;echo;pb-2100;power;blower
zama;hot;carburetor;c1u-k52;c1u-k47
zama;oem;c1u-k43b;;
zama;oem;c1u-k42b;;
zama;genuine;c1u-k42b;;
zama;c1m-k37d;carburetor;;
zama;oem;carburetor;;
zama;carburetor;carb;;
zama;c1u-k42b;echo;12520020561;12520020562
zama;12520013312;srm2100;gt2000;gt2100
zero250;carburetor;compatible;with;
zomusar;sport;jump;ropes;
zuqiee;backpack;snow;blower;
zwysl;2-cycle;petrol;backpack;
zyl yl;backpack;snow;blower;
