uppababy,2017,cruz,indigo
uppababy,2018,19,model,vista
uppababy,2018,luxe
uppababy,2018,minu
uppababy,2018,lite
uppababy,2018,vista,rumbleseat,loic,white,silver,saddle
uppababy,2018,from,birth
uppababy,vista,v2
uppababy,vista,rumbleseat,taylor,indigo,silver,saddle
uppababy,cozyganoosh,jordan,charcoal
uppababy,cozyganoosh,for,mesa,mesa,size,jake
uppababy,cozyganoosh,for,mesa,stella
uppababy,cozyganoosh,finn,deep
uppababy,cozyganoosh,stella
uppababy,cruz,v2
uppababy,rumbleseat
uppababy,minu
uppababy,from,birth,kit,light
uppababy,link
