uppababy,2017,cruz
uppababy,2018,19
uppababy,2018,birth,kit
uppababy,2018,g-lite
uppababy,2018,g-luxe
uppababy,2018,minu
uppababy,2018,vista
uppababy,cruz,v2
uppababy,minu
uppababy,cozyganoosh,finn
uppababy,cozyganoosh,jordan
uppababy,cozyganoosh,stella
uppababy,cozyganoosh,mesa
uppababy,birth,kit
uppababy,vista,rumbleseat
uppababy,vista,v2
baby jogger,britax,car
baby jogger,britax,mounting
baby jogger,graco,car
baby jogger,maxi,cosi
baby jogger,bassinet
baby jogger,city,go,2,infant
baby jogger,city,go
baby jogger,city,mini,2,double
baby jogger,city,mini,2
baby jogger,city,mini,gt
baby jogger,city,mini,gt2,double
baby jogger,city,mini,gt2,travel
baby jogger,city,premier
baby jogger,city,select,baby
baby jogger,city,select,double
baby jogger,city,select,lux
baby jogger,city,select,lux,pram
baby jogger,city,select,lux,second
baby jogger,city,select,pram,kit
baby jogger,city,select
baby jogger,city,tour,2
baby jogger,city,tour,2,double
baby jogger,city,tour,2,single
baby jogger,city,tour,lux,foldable
baby jogger,city,view
baby jogger,deluxe,pram,kit
baby jogger,double,child
baby jogger,glider,board
baby jogger,parent,console
baby jogger,select,lux
baby jogger,summit,x3,double
baby jogger,summit,x3,double,jogging
baby jogger,summit,x3
baby jogger,weather,shield
baby jogger,front,wheel
baby joy,stroller,2
baby joy,stroller,2-in-1,convertible,bassinet
baby joy,double,light-weight
baby joy,lightweight,stroller,aluminum,baby
baby joy,pocket,stroller
baby trend,cityscape,jogger
baby trend,double,sit,n,stand
baby trend,envy,travel
baby trend,expedition,2-in-1
baby trend,expedition,double,jogger
baby trend,expedition,jogger
baby trend,expedition,premiere
baby trend,expedition,race,tec,jogger
baby trend,expedition,race,tec
baby trend,go,lite,snap
baby trend,hello,kitty
baby trend,navigator,double,jogger
baby trend,navigator,lite,double,jogger
baby trend,pathway,35,jogger,travel
baby trend,rocket,lightweight
baby trend,sit,and,stand,double
baby trend,sit,n,stand
baby trend,sit,n,stand,compact
baby trend,sit,n,stand,convenience
baby trend,sit,n,stand,double
baby trend,sit,n,stand,easy
baby trend,sit,n,stand,lightweight
baby trend,sit,n,stand,sport
baby trend,sit,n,stand,ultra
baby trend,sky,view
baby trend,skyview,plus
baby trend,skyview,travel,system
baby trend,snap-n-go,ex
baby trend,snap-n-go,premiere
baby trend,tango,mini
baby trend,tango,travel,system
baby trend,universal,double
baby trend,xcel,jogger
baby trend,test,1
babyzen,yoyo2,stroller,bassinet,combination
babyzen,yoyo2,stroller,bassinet,combo
babyzen,yoyo2,stroller,frame
babyzen,yoyo2,6+
babyzen,yoyo+,6+,color,pack
babyzen,yoyo+,cup
blahoo,baby,stroller
bob gear,alterrain,pro
bob gear,handlebar,console
bob gear,rambler
bob gear,revolution,flex,3.0,duallie
bob gear,revolution,flex,3.0
bob gear,revolution,flex,2.0
bob gear,snack,tray
booyah strollers,double,stroller
britax,2017,b-agile
britax,b-agile,b-safe
britax,b-agile,lightweight
britax,b-clever,lightweight,stroller
britax,b-free,b-safe
britax,b-free,premium
britax,b-free,sport
britax,b-free,stroller,all,terrain
britax,b-free,travel,system,b-safe
britax,b-lively,double,stroller,adjustable
britax,b-lively,double,stroller
britax,b-lively,lightweight,stroller
britax,b-lively,lightweight,stroller,one
britax,b-lively,travel,system,b-safe
britax,b-ready,g3,stroller
britax,b-ready,second
britax,child,tray,single
britax,pathway,b-safe,35,travel
britax,pathway,b-safe,ultra,travel
britax,stroller,ride
bugaboo,ant,baby
bugaboo,bee6,stroller,compact
bugaboo,fox,2,complete,full-size
bugaboo,lynx,the,lightest,full-size
chicco,activ3,air,jogging,stroller
chicco,activ3,jogging
chicco,bravo,air
chicco,bravo,le
chicco,bravo,le,trio,travel
chicco,bravo,trio,travel,system
chicco,bravofor2,standing
chicco,corso,le
chicco,corso,modular
chicco,corso,modular,travel,system
chicco,cortina,together
chicco,keyfit,caddy
chicco,liteway,stroller
chicco,mini,bravo,lightweight,stroller
chicco,mini,bravo,plus,lightweight
chicco,mini,bravo,plus,travel
chicco,mini,bravo
chicco,piccolo,stroller
chicco,shuttle,frame
chicco,tre,jogging
chicco,viaro,quick-fold
chicco,viaro,travel,system
contours,bitsy,compact
contours,curve,tandem,double
cosco,umbrella,stroller,monster
cosco,umbrella,stroller,canopy
costzon,baby,stroller
creative outdoor,distributor,push
cybex,2018,eezy
cybex,agis,m-air3
cybex,balios,s
cybex,gazelle,s
delta children,city,street,lx,side
delta children,jeep,arrow
delta children,jeep,classic,jogging
delta children,jeep,cross-country
delta children,jeep,deluxe,patriot,open
delta children,jeep,destination
delta children,jeep,gemini
delta children,jeep,hydro
delta children,jeep,north,star
delta children,jeep,powerglyde,plus
delta children,jeep,scout,double
delta children,jeep,unlimited
delta children,the,clutch
dinky ninky,stroller,pegs
disney,amble,quad,travel,system
disney,baby,mouse
disney,baby,minnie,mouse
disney,baby,winnie-the-pooh
disney,minnie,mouse
disney,umbrella,stroller
disney,umbrella,stroller,canopy
doona,liki,trike,s3
doona,liki,trike,s5
dream on me,insta,auto
dream on me,volgo,twin,umbrella
dream on me,coast,rider
dream on me,coast,stroller,rider,lightweight
dreambaby,stroller,blanket
ergobaby,2020,metro
ergobaby,metro,lightweight,baby
ergobaby,stroller,travel,system,ready
evenflo,aero2,ultra-lightweight
evenflo,folio3,stroll
evenflo,gold,sensorsafe,shyft,smart
evenflo,minno,twin,double
evenflo,pivot,xpand
evenflo,pivot,xplore,all-terrain
evenflo,sibby
evenflo,stroller,rider
evenflo,vive
foundations,2020,stroller
foundations,triple,sport
foundations,gaggle,parade
gb,all,city
gb,pockit,air,all,terrain
gb,pockit,lightweight
gb,pockit,plus
gb,pockit,ultra
gb,pockit+,all
gb,pockit+,all-city
gb,pockit+,all-terrain,ultra,compact
gb,pockit+,lightweight,baby
gb,qbit,all
graco,aire3,click
graco,aire3,travel,system,includes
graco,breaze,click
graco,fastaction,fold
graco,fastaction,fold,travel,system
graco,fastaction,se,travel,system
graco,fitfold,jogger
graco,jetsetter,ultra
graco,modes,3,essentials,lx
graco,modes,3,lite,dlx
graco,modes,bassinet
graco,modes,click
graco,modes,duo,double
graco,modes,element,lx,travel
graco,modes,element,travel,system
graco,modes,jogger,2.0,travel
graco,modes,nest
graco,modes,nest,travel,system
graco,modes,pramette,travel,system
graco,modes,travel,system,includes
graco,nimblelite,travel,system,includes
graco,ready2grow,lx,2.0,double
graco,snugrider,3
graco,trax,jogger
graco,uno2duo,travel,system,includes
graco,verb,travel
honey joy,baby,stroller
hot mom,baby,stroller,360
hot mom,baby,stroller
hot mom,baby,stroller:360
infans,baby,pram
infans,baby,stroller,newborn,2
infans,lightweight,baby,umbrella
infans,newborn,baby
inglesina,net,stroller
inglesina,quid,stroller
joovy,big,caboose,graphite,triple
joovy,caboose,graphite
joovy,caboose,too,graphite,stand-on
joovy,caboose,too
joovy,caboose,ultralight,graphite
joovy,kooper,x2
joovy,new,groove,ultralight,umbrella
joovy,qool,bench
joovy,qool,front
joovy,qool,second,seat
joovy,scooter,x2,double
joovy,scooter,x2
joovy,twin,roo+
joovy,zoom,360,ultralight,jogging
joovy,zoom,x2,double,jogging
keenz,stroller,wagon
kinbor,umbrella,stroller
kolcraft,cloud,lightweight
kolcraft,cloud,lightweight,umbrella
kolcraft,cloud,plus
larktale,chit,chat,plus
larktale,lightweight,compact,coast
maclaren,atom,jason
maclaren,mark,ii,style,set
maclaren,quest,arc
maclaren,volo
maxi-cosi,adorra,2.0,5-in-1
maxi-cosi,adorra,modular,stroller
maxi-cosi,lara,lightweight
maxi-cosi,maxi,cosi
maxi-cosi,zelia,5-in-1
maxi-cosi,zelia,max,5-in-1
mountain buggy,nano,v3,stroller
munchkin,brica,happy
munchkin,brica,smart
nexgen,chaser,jogger
pamo babe,lightweight,stroller
peg perego,booklet,travel
peg perego,pop-up,seat
peg perego,ypsi,travel,system
quinny,buzz,xtra
quinny,limited,edition
safety 1st,smooth,ride
safety 1st,step,lite
summer infant,3dlite
summer infant,3dlite+
summer infant,3dpac,cs+
summer infant,3d,mini
summer infant,myria,dlx
summer infant,myria,modular,travel,system
thule,bumper,bar
thule,chariot,jogging,kit,cross
thule,spring,mesh
thule,spring,rain
thule,spring,stroller
thule,stroller,cup
thule,urban,glide,2,jogging
thule,urban,glide,2,one
tiny wonders,deluxe,dual-brake
uenjoy,baby,stroller
valco baby,snap,duo,trend,light
welspo,lightweight,stroller
wonderfold,baby,xl
wonderfold,multi-function,2
wonderfold,multi-function,push,2
wonderfold,w1,multi-function
wonderfold,w2,multi-function,2
wonderfold,w4,4,seater
wonderfold,w4s,2.0
wonderfold,wagon,push
wonderfold,x2,multi-function
wonderfold,x2,passenger
wonfuss,baby,stroller
zoe,the,tour+,xl1
zoe,the,tour+,luxe,xl1
zoe,the,traveler,xlc
zoe,the,trio+,xl3,triple
zoe,the,twin+,xl2,double
zoe,twin+,luxe
zoe,xl1
NO_BRAND,lightweight,stroller
