Brand,Line,Sub Line1,Sub Line2,Sub Line3
baby trend
gb
graco
baby jogger
disney
infans
evenflo
summer infant
bob gear
chicco
delta children
uppababy
safety 1st
kolcraft
maxi cosi
thule
loulou lollipop
no_brand
joovy
cosco
britax
dream on me
boppy
zoe
wonderfold
doona
baby joy
cynebaby
cybex
booyah strollers
dreambaby
maclaren
disney jr t o t s
jeep
contours
lascal
welspo
hot mom
dinky ninky
ergobaby
ethan emma
mountain buggy
kinbor
inglesina
pidgey
veer
costzon
baby zen
larktale
babyzen
quinny
wonfuss
keenz
tiny wonders
carter's
wonderfold outdoor
foundations
munchkin
meinkind
pamo babe
comfy baby
sasha kiddie products
springbuds
bugaboo
joolz
diono
valco baby
gaggle
peg perego
ak concepts
jovial
besrey
creative outdoor
beberoad
w whysgiving
uenjoy
babideal
daphyls
blahoo
honey joy
roan
goodbaby
nexgen
